Id,ProductCategory__c,PlanCategory__c,AccountCount__c
a08RB00001Z16Q6YAJ,Rendery,,
a08RB00001Z16Q7YAJ,Rendery,Enterprise,5
a08RB00001Z16Q8YAJ,Rendery,Pro,3
a08RB00001Z16Q9YAJ,Rendery,Enterprise,5
a08RB00001Z16QAYAZ,Rendery,Enterprise,5
a08RB00001Z16QBYAZ,knock knock AI,Basic,3
a08RB00001Z16QCYAZ,Rendery,Pro,1
a08RB00001Z16QDYAZ,Rendery,Pro,2
a08RB00001Z16QEYAZ,knock knock AI,Basic,1
a08RB00001Z16QGYAZ,knock knock AI,Basic,1
a08RB00001Z16QHYAZ,Rendery,,
a08RB00001Z16QIYAZ,Rendery,Pro,3
a08RB00001Z16QJYAZ,Rendery,Basic,1
a08RB00001Z16QKYAZ,受託開発,,
a08RB00001Z16QLYAZ,knock knock AI,Pro,1
a08RB00001Z16QMYAZ,Rendery,Pro,1
a08RB00001Z16QNYAZ,knock knock AI,,
a08RB00001Z16QOYAZ,Rendery,Enterprise,10
a08RB00001Z16QPYAZ,knock knock AI,Basic,1
a08RB00001Z16QQYAZ,knock knock AI,,
a08RB00001Z16QRYAZ,Rendery,Pro,3
a08RB00001Z16QSYAZ,Rendery,,
a08RB00001Z16QTYAZ,Rendery,Pro,1
a08RB00001Z16QUYAZ,受託開発,,
a08RB00001Z16QVYAZ,Rendery,Enterprise,5
a08RB00001Z16QWYAZ,knock knock AI,Pro,1
a08RB00001Z16QXYAZ,Rendery,Enterprise,5
a08RB00001Z16QYYAZ,knock knock AI,Enterprise,2
a08RB00001Z16QZYAZ,Rendery,Pro,1
a08RB00001Z16QaYAJ,Rendery,Pro,2
a08RB00001Z16QbYAJ,knock knock AI,Basic,1
a08RB00001Z16QcYAJ,knock knock AI,Enterprise,2
a08RB00001Z16QfYAJ,Rendery,,
a08RB00001Z16QgYAJ,Rendery,Enterprise,5
a08RB00001Z16QhYAJ,knock knock AI,Pro,1
a08RB00001Z16QiYAJ,Rendery,Pro,1
a08RB00001Z16QjYAJ,Rendery,Pro,1
a08RB00001Z16QkYAJ,Rendery,Pro,3
a08RB00001Z16QlYAJ,knock knock AI,Basic,1
a08RB00001Z16QmYAJ,Rendery,Enterprise,6
a08RB00001Z16QnYAJ,Rendery,Enterprise,5
a08RB00001Z16QoYAJ,Rendery,Enterprise,13
a08RB00001Z16QpYAJ,Rendery,Basic,1
a08RB00001Z16QqYAJ,Rendery,Enterprise,12
a08RB00001Z16QrYAJ,Rendery,Pro,1
a08RB00001Z16QsYAJ,Rendery,Pro,1
a08RB00001Z16QtYAJ,Rendery,Enterprise,12
a08RB00001Z16QuYAJ,Rendery,Enterprise,5
a08RB00001Z16QvYAJ,knock knock AI,Pro,1
a08RB00001Z16QwYAJ,Rendery,Basic,1
a08RB00001Z16QxYAJ,Rendery,Enterprise,5
a08RB00001Z16QyYAJ,knock knock AI,Basic,1
a08RB00001Z16QzYAJ,Rendery,Enterprise,10
a08RB00001Z16R0YAJ,knock knock AI,Basic,1
a08RB00001Z16R1YAJ,Rendery,Enterprise,3
a08RB00001Z16R2YAJ,Rendery,Enterprise,8
a08RB00001Z16R3YAJ,Rendery,Enterprise,7
a08RB00001Z16R5YAJ,knock knock AI,Basic,6
a08RB00001Z16R6YAJ,Rendery,Pro,2
a08RB00001Z16R7YAJ,Rendery,,
a08RB00001Z16R8YAJ,Rendery,Enterprise,5
a08RB00001Z16R9YAJ,受託開発,,
a08RB00001Z16RBYAZ,Rendery,Enterprise,20
a08RB00001Z16RCYAZ,Rendery,Pro,1
a08RB00001Z16RDYAZ,Rendery,Enterprise,0
a08RB00001Z16REYAZ,Rendery,Pro,2
a08RB00001Z16RFYAZ,Rendery,Pro,2
a08RB00001Z16RGYAZ,Rendery,Pro,2
a08RB00001Z16RHYAZ,Rendery,Pro,1
a08RB00001Z16RIYAZ,Rendery,,
a08RB00001Z16RJYAZ,Rendery,Enterprise,5
a08RB00001Z16RKYAZ,Rendery,,
a08RB00001Z16RLYAZ,Rendery,Enterprise,10
a08RB00001Z16RMYAZ,Rendery,,
a08RB00001Z16RNYAZ,knock knock AI,,1
a08RB00001Z16ROYAZ,Rendery,Enterprise,5
a08RB00001Z16RPYAZ,Rendery,Enterprise,5
a08RB00001Z16RQYAZ,knock knock AI,,1
a08RB00001Z16RRYAZ,knock knock AI,Enterprise,2
a08RB00001Z16RSYAZ,Rendery,Enterprise,10
a08RB00001Z16RTYAZ,Rendery,Enterprise,13
a08RB00001Z16RUYAZ,Rendery,Pro,1
a08RB00001Z16RWYAZ,knock knock AI,,
a08RB00001Z16RXYAZ,Rendery,Pro,1
a08RB00001Z16RYYAZ,Rendery,Enterprise,60
a08RB00001Z16RZYAZ,knock knock AI,,
a08RB00001Z16RaYAJ,Rendery,,
a08RB00001Z16RdYAJ,Rendery,Pro,5
a08RB00001Z16ReYAJ,knock knock AI,Basic,1
a08RB00001Z16RfYAJ,Rendery,Enterprise,7
a08RB00001Z16RgYAJ,knock knock AI,,
a08RB00001Z1G65YAF,Rendery,,
a08RB00001Z1G66YAF,Rendery,Pro,1
a08RB00001Z1G6AYAV,Rendery,Pro,1
a08RB00001Z1G6BYAV,Rendery,Pro,3
a08RB00001Z1G6CYAV,Rendery,Pro,1
a08RB00001Z1G6DYAV,Rendery,Enterprise,10
a08RB00001Z1G6EYAV,Rendery,Enterprise,120
a08RB00001Z1G6FYAV,Rendery,Pro,1
a08RB00001Z1G6GYAV,Rendery,Pro,6
a08RB00001Z1G6HYAV,Rendery,Pro,4
a08RB00001Z1G6IYAV,knock knock AI,Basic,1
a08RB00001Z1G6JYAV,knock knock AI,Basic,1
a08RB00001Z1G6KYAV,Rendery,Enterprise,10
a08RB00001Z1G6LYAV,Rendery,Pro,2
a08RB00001Z1G6MYAV,knock knock AI,,
a08RB00001Z1G6NYAV,Rendery,Pro,1
a08RB00001Z1G6OYAV,knock knock AI,Pro,1
a08RB00001Z1G6PYAV,Rendery,Pro,5
a08RB00001Z1G6QYAV,Rendery,,
a08RB00001Z1G6RYAV,Rendery,Enterprise,5
a08RB00001Z1G6SYAV,Rendery,Pro,2
a08RB00001Z1G6TYAV,Rendery,Pro,2
a08RB00001Z1G6UYAV,Rendery,,
a08RB00001Z1G6VYAV,Rendery,Pro,1
a08RB00001Z1G6WYAV,Rendery,Pro,2
a08RB00001Z1G6XYAV,Rendery,Pro,1
a08RB00001Z1G6YYAV,knock knock AI,,
a08RB00001Z1G6ZYAV,knock knock AI,Basic,1
a08RB00001Z1G6aYAF,Rendery,Pro,1
a08RB00001Z1G6bYAF,Rendery,Enterprise,72
a08RB00001Z1G6cYAF,knock knock AI,Basic,1
a08RB00001Z1G6dYAF,Rendery,Pro,2
a08RB00001Z1G6eYAF,Rendery,Pro,3
a08RB00001Z1G6fYAF,Rendery,Pro,8
a08RB00001Z1G6gYAF,Rendery,,
a08RB00001Z1G6hYAF,Rendery,Enterprise,5
a08RB00001Z1G6iYAF,knock knock AI,Enterprise,1
a08RB00001Z1G6jYAF,Rendery,Enterprise,7
a08RB00001Z1G6kYAF,Rendery,Pro,1
a08RB00001Z1G6lYAF,knock knock AI,,2
a08RB00001Z1G6nYAF,Rendery,Enterprise,5
a08RB00001Z1G6oYAF,knock knock AI,,
a08RB00001Z1G6pYAF,Rendery,Enterprise,5
a08RB00001Z1G6qYAF,Rendery,,
a08RB00001Z1G6rYAF,Rendery,Pro,10
a08RB00001Z1G6sYAF,Rendery,Pro,5
a08RB00001Z1G6tYAF,Rendery,,
a08RB00001Z1G6vYAF,Rendery,,
a08RB00001Z1G6wYAF,Rendery,,
a08RB00001Z1G6xYAF,Rendery,Enterprise,12
a08RB00001Z1G6yYAF,Rendery,Pro,3
a08RB00001Z1G6zYAF,Rendery,Enterprise,5
a08RB00001Z1G70YAF,knock knock AI,Basic,3
a08RB00001Z1G71YAF,Rendery,,
a08RB00001Z1G72YAF,受託開発,,
a08RB00001Z1G73YAF,Rendery,Enterprise,7
a08RB00001Z1G74YAF,knock knock AI,,1
a08RB00001Z1G75YAF,Rendery,Enterprise,10
a08RB00001Z1G76YAF,Rendery,,
a08RB00001Z1G77YAF,Rendery,Pro,2
a08RB00001Z1G78YAF,knock knock AI,,
a08RB00001Z1G79YAF,Rendery,,
a08RB00001Z1G7BYAV,Rendery,Basic,1
a08RB00001Z1G7CYAV,Rendery,Basic,1
a08RB00001Z1G7GYAV,Rendery,,
a08RB00001Z1G7JYAV,Rendery,Pro,1
a08RB00001Z1G7MYAV,Rendery,Pro,1
a08RB00001Z1G7OYAV,Rendery,Pro,1
a08RB00001Z1G7QYAV,Rendery,,
a08RB00001Z1G7RYAV,Rendery,Pro,1
a08RB00001Z1G7SYAV,Rendery,Pro,2
a08RB00001Z1G7TYAV,Rendery,Pro,1
a08RB00001Z1G7VYAV,Rendery,Pro,1
a08RB00001Z1G7XYAV,Rendery,,
a08RB00001Z1G7YYAV,Rendery,Pro,2
a08RB00001Z1G7bYAF,Rendery,Pro,1
a08RB00001Z1G7cYAF,Rendery,Pro,1
a08RB00001Z1G7dYAF,Rendery,Pro,2
a08RB00001Z1G7fYAF,Rendery,,
a08RB00001Z1G7gYAF,Rendery,Pro,1
a08RB00001Z1G7iYAF,Rendery,Pro,1
a08RB00001Z1G7jYAF,Rendery,Pro,2
a08RB00001Z1G7lYAF,Rendery,Enterprise,10
a08RB00001Z1G7mYAF,Rendery,Enterprise,10
a08RB00001Z1G7nYAF,Rendery,Pro,1
a08RB00001Z1G7oYAF,Rendery,Enterprise,5
a08RB00001Z1G7pYAF,Rendery,Enterprise,10
a08RB00001Z1G7qYAF,knock knock AI,Basic,1
a08RB00001Z1G7rYAF,knock knock AI,Basic,1
a08RB00001Z1G7sYAF,Rendery,,
a08RB00001Z1G7tYAF,Rendery,Enterprise,7
a08RB00001Z1G7uYAF,Rendery,,
a08RB00001Z1G7vYAF,Rendery,Pro,1
a08RB00001Z1G7wYAF,Rendery,Enterprise,5
a08RB00001Z1G7xYAF,Rendery,,
a08RB00001Z1G7yYAF,knock knock AI,Pro,1
a08RB00001Z1G7zYAF,Rendery,,
a08RB00001Z1G80YAF,Rendery,Enterprise,5
a08RB00001Z1G81YAF,knock knock AI,,
a08RB00001Z1G82YAF,Rendery,,
a08RB00001Z1G83YAF,Rendery,,
a08RB00001Z1G84YAF,Rendery,,
a08RB00001Z1G85YAF,knock knock AI,,
a08RB00001Z1G86YAF,Rendery,,
a08RB00001Z1G87YAF,Rendery,Pro,2
a08RB00001Z1G88YAF,Rendery,Enterprise,5
a08RB00001Z1G89YAF,Rendery,Pro,1
a08RB00001Z1G8AYAV,Rendery,Pro,2
a08RB00001Z1G8CYAV,Rendery,Enterprise,7
a08RB00001Z1G8DYAV,knock knock AI,Basic,1
a08RB00001Z1G8EYAV,Rendery,Enterprise,10
a08RB00001Z1G8FYAV,Rendery,Pro,1
a08RB00001Z1G8GYAV,Rendery,Pro,1
a08RB00001Z1G8HYAV,Rendery,Pro,1
a08RB00001Z1G8IYAV,Rendery,Pro,5
a08RB00001Z1G8JYAV,Rendery,Enterprise,12
a08RB00001Z1G8LYAV,Rendery,Enterprise,13
a08RB00001Z1G8MYAV,Rendery,Enterprise,6
a08RB00001Z1G8NYAV,Rendery,,
a08RB00001Z1G8OYAV,Rendery,Enterprise,5
a08RB00001Z1G8PYAV,Rendery,Enterprise,12
a08RB00001Z1G8QYAV,Rendery,Enterprise,12
a08RB00001Z1G8RYAV,Rendery,Enterprise,12
a08RB00001Z1G8SYAV,Rendery,Enterprise,9
a08RB00001Z1G8TYAV,Rendery,Enterprise,9
a08RB00001Z1G8UYAV,Rendery,Enterprise,1
a08RB00001Z1G8VYAV,Rendery,Enterprise,5
a08RB00001Z1G8WYAV,Rendery,Enterprise,10
a08RB00001Z1G8XYAV,Rendery,Pro,1
a08RB00001Z1G8YYAV,knock knock AI,Pro,1
a08RB00001Z1G8ZYAV,Rendery,Pro,1
a08RB00001Z1G8aYAF,Rendery,Pro,1
a08RB00001Z1G8bYAF,Rendery,Pro,1
a08RB00001Z1G8cYAF,Rendery,Pro,0
a08RB00001Z1G8dYAF,Rendery,Enterprise,5
a08RB00001Z1G8eYAF,Rendery,Enterprise,5
a08RB00001Z1G8fYAF,Rendery,Enterprise,5
a08RB00001Z1G8hYAF,Rendery,Enterprise,5
a08RB00001Z1G8iYAF,Rendery,,2
a08RB00001Z1G8jYAF,Rendery,,
a08RB00001Z1G8kYAF,Rendery,Enterprise,10
a08RB00001Z1G8lYAF,Rendery,Pro,1
a08RB00001Z1G8mYAF,Rendery,Pro,1
a08RB00001Z1G8nYAF,Rendery,Enterprise,3
a08RB00001Z1G8oYAF,Rendery,Pro,4
a08RB00001Z1G8pYAF,Rendery,Enterprise,6
a08RB00001Z1G8qYAF,Rendery,Pro,3
a08RB00001Z1G8rYAF,Rendery,Enterprise,5
a08RB00001Z1G8sYAF,knock knock AI,,1
a08RB00001Z1G8tYAF,Rendery,Pro,3
a08RB00001Z1G8uYAF,Rendery,Enterprise,5
a08RB00001Z1G8vYAF,Rendery,Pro,1
a08RB00001Z1G8wYAF,Rendery,,
a08RB00001Z1G8xYAF,Rendery,Pro,1
a08RB00001Z1G8yYAF,Rendery,Pro,1
a08RB00001Z1G8zYAF,Rendery,,
a08RB00001Z1G90YAF,Rendery,,
a08RB00001Z1G91YAF,Rendery,,
a08RB00001Z1G92YAF,Rendery,Enterprise,5
a08RB00001Z1G93YAF,Rendery,Enterprise,5
a08RB00001Z1G94YAF,Rendery,Pro,2
a08RB00001Z1G95YAF,Rendery,Pro,1
a08RB00001Z1G96YAF,Rendery,Pro,1
a08RB00001Z1G97YAF,Rendery,Pro,1
a08RB00001Z1G98YAF,Rendery,,
a08RB00001Z1G99YAF,Rendery,,
a08RB00001Z1G9AYAV,Rendery,Pro,1
a08RB00001Z1G9BYAV,Rendery,Pro,3
a08RB00001Z1G9CYAV,Rendery,,
a08RB00001Z1G9DYAV,knock knock AI,,
a08RB00001Z1G9EYAV,Rendery,Enterprise,10
a08RB00001Z1G9FYAV,Rendery,Pro,0
a08RB00001Z1G9GYAV,Rendery,Enterprise,10
a08RB00001Z1G9IYAV,Rendery,Enterprise,10
a08RB00001Z1G9JYAV,Rendery,,
a08RB00001Z1G9KYAV,Rendery,,
a08RB00001Z1G9LYAV,Rendery,,
a08RB00001Z1G9MYAV,Rendery,,
a08RB00001Z1G9NYAV,Rendery,,
a08RB00001Z1G9OYAV,Rendery,,
a08RB00001Z1G9PYAV,Rendery,,
a08RB00001Z1G9QYAV,Rendery,Pro,3
a08RB00001Z1G9RYAV,knock knock AI,,
a08RB00001Z1G9SYAV,Rendery,Pro,3
a08RB00001Z1G9TYAV,knock knock AI,,
a08RB00001Z1G9UYAV,knock knock AI,,
a08RB00001Z1G9VYAV,knock knock AI,,
a08RB00001Z1G9WYAV,knock knock AI,,
a08RB00001Z1G9XYAV,knock knock AI,,
a08RB00001Z1G9YYAV,knock knock AI,Basic,1
a08RB00001Z1G9ZYAV,knock knock AI,,
a08RB00001Z1G9aYAF,knock knock AI,,
a08RB00001Z1G9bYAF,knock knock AI,,
a08RB00001Z1G9cYAF,knock knock AI,,
a08RB00001Z1G9dYAF,knock knock AI,,
a08RB00001Z1G9eYAF,knock knock AI,,
a08RB00001Z1G9fYAF,knock knock AI,,
a08RB00001Z1G9gYAF,Rendery,Enterprise,10
a08RB00001Z1G9hYAF,Rendery,Pro,4
a08RB00001Z1G9jYAF,Rendery,Enterprise,5
a08RB00001Z1G9kYAF,Rendery,Pro,1
a08RB00001Z1G9lYAF,Rendery,,
a08RB00001Z1G9mYAF,Rendery,Pro,1
a08RB00001Z1G9nYAF,Rendery,Pro,1
a08RB00001Z1G9oYAF,Rendery,Pro,1
a08RB00001Z1G9pYAF,Rendery,Pro,1
a08RB00001Z1G9qYAF,Rendery,Basic,1
a08RB00001Z1G9rYAF,Rendery,Pro,1
a08RB00001Z1G9sYAF,Rendery,Pro,2
a08RB00001Z1G9tYAF,Rendery,Enterprise,2
a08RB00001Z1G9uYAF,Rendery,,
a08RB00001Z1G9vYAF,Rendery,,
a08RB00001Z1G9wYAF,Rendery,,
a08RB00001Z1G9xYAF,Rendery,,
a08RB00001Z1G9yYAF,Rendery,,
a08RB00001Z1G9zYAF,Rendery,Enterprise,10
a08RB00001Z1GA0YAN,Rendery,,
a08RB00001Z1GA1YAN,Rendery,Pro,1
a08RB00001Z1GA2YAN,Rendery,Enterprise,7
a08RB00001Z1GA3YAN,Rendery,Enterprise,5
a08RB00001Z1GA4YAN,Rendery,,
a08RB00001Z1GA5YAN,Rendery,Enterprise,5
a08RB00001Z1GA6YAN,Rendery,Enterprise,5
a08RB00001Z1GA7YAN,Rendery,Enterprise,19
a08RB00001Z1GA8YAN,Rendery,,
a08RB00001Z1GAAYA3,Rendery,Pro,1
a08RB00001Z1GABYA3,Rendery,Enterprise,14
a08RB00001Z1GACYA3,Rendery,Enterprise,5
a08RB00001Z1GADYA3,Rendery,Pro,4
a08RB00001Z1GAEYA3,Rendery,Pro,3
a08RB00001Z1GAFYA3,Rendery,,
a08RB00001Z1GAGYA3,Rendery,Pro,1
a08RB00001Z1GAIYA3,Rendery,Pro,2
a08RB00001Z1GAJYA3,Rendery,Pro,1
a08RB00001Z1GAKYA3,Rendery,,
a08RB00001Z1GALYA3,Rendery,,
a08RB00001Z1GAMYA3,Rendery,Pro,1
a08RB00001Z1GANYA3,Rendery,,
a08RB00001Z1GAOYA3,Rendery,Pro,3
a08RB00001Z1GAPYA3,Rendery,,
a08RB00001Z1GARYA3,Rendery,,
a08RB00001Z1GASYA3,Rendery,,
a08RB00001Z1GATYA3,Rendery,,
a08RB00001Z1GAUYA3,Rendery,Pro,1
a08RB00001Z1GAVYA3,Rendery,,
a08RB00001Z1GAWYA3,Rendery,Pro,3
a08RB00001Z1GAXYA3,Rendery,,
a08RB00001Z1GAYYA3,Rendery,Pro,1
a08RB00001Z1GAZYA3,Rendery,,
a08RB00001Z1GAbYAN,Rendery,Pro,1
a08RB00001Z1GAcYAN,Rendery,Enterprise,5
a08RB00001Z1GAdYAN,Rendery,Enterprise,8
a08RB00001Z1GAeYAN,Rendery,Pro,1
a08RB00001Z1GAfYAN,Rendery,Basic,1
a08RB00001Z1GAgYAN,Rendery,Pro,1
a08RB00001Z1GAhYAN,Rendery,,
a08RB00001Z1GAiYAN,Rendery,Pro,1
a08RB00001Z1GAkYAN,Rendery,,
a08RB00001Z1GAlYAN,Rendery,,
a08RB00001Z1GAmYAN,Rendery,,
a08RB00001Z1GAnYAN,knock knock AI,Basic,1
a08RB00001Z1GAoYAN,Rendery,Pro,1
a08RB00001Z1GApYAN,Rendery,Enterprise,12
a08RB00001Z1GAqYAN,Rendery,,
a08RB00001Z1GArYAN,Rendery,,
a08RB00001Z1GAsYAN,Rendery,Pro,1
a08RB00001Z1GAtYAN,Rendery,Enterprise,5
a08RB00001Z1GAuYAN,Rendery,,
a08RB00001Z1GAvYAN,Rendery,,
a08RB00001Z1GAxYAN,Rendery,Pro,1
a08RB00001Z1GB0YAN,Rendery,,
a08RB00001Z1GB1YAN,Rendery,,
a08RB00001Z1GB2YAN,Rendery,,
a08RB00001Z1GB3YAN,Rendery,,
a08RB00001Z1GB4YAN,Rendery,Enterprise,5
a08RB00001Z1GB6YAN,Rendery,Pro,1
a08RB00001Z1GB7YAN,Rendery,Enterprise,5
a08RB00001Z1GB8YAN,Rendery,Pro,1
a08RB00001Z1GB9YAN,Rendery,Pro,1
a08RB00001Z1GBAYA3,Rendery,Pro,1
a08RB00001Z1GBCYA3,Rendery,Pro,1
a08RB00001Z1GBDYA3,Rendery,Pro,3
a08RB00001Z1GBEYA3,Rendery,Pro,2
a08RB00001Z1GBFYA3,Rendery,Pro,3
a08RB00001Z1GBGYA3,Rendery,Enterprise,2
a08RB00001Z1GBHYA3,Rendery,Pro,3
a08RB00001Z1GBIYA3,Rendery,,
a08RB00001Z1GBJYA3,Rendery,,
a08RB00001Z1GBKYA3,Rendery,Pro,1
a08RB00001Z1GBMYA3,Rendery,Pro,1
a08RB00001Z1GBOYA3,Rendery,Enterprise,2
a08RB00001Z1GBPYA3,Rendery,Enterprise,5
a08RB00001Z1GBQYA3,Rendery,Pro,1
a08RB00001Z1GBRYA3,Rendery,Pro,1
a08RB00001Z1GBTYA3,Rendery,Pro,1
a08RB00001Z1GBUYA3,Rendery,Pro,1
a08RB00001Z1GBVYA3,Rendery,Pro,1
a08RB00001Z1GBXYA3,Rendery,,
a08RB00001Z1GBYYA3,Rendery,,
a08RB00001Z1GBaYAN,Rendery,,
a08RB00001Z1GBbYAN,Rendery,,
a08RB00001Z1GBcYAN,Rendery,Pro,1
a08RB00001Z1GBdYAN,Rendery,,
a08RB00001Z1GBeYAN,Rendery,Pro,1
a08RB00001Z1GBfYAN,Rendery,,
a08RB00001Z1GBgYAN,Rendery,Pro,1
a08RB00001Z1GBhYAN,Rendery,Pro,1
a08RB00001Z1GBiYAN,Rendery,Pro,1
a08RB00001Z1GBjYAN,Rendery,Pro,2
a08RB00001Z1GBkYAN,Rendery,Enterprise,10
a08RB00001Z1GBlYAN,Rendery,Pro,3
a08RB00001Z1GBmYAN,Rendery,Pro,1
a08RB00001Z1GBnYAN,Rendery,Pro,1
a08RB00001Z1GBoYAN,Rendery,,
a08RB00001Z1GBpYAN,Rendery,,
a08RB00001Z1GBqYAN,Rendery,Pro,1
a08RB00001Z1GBrYAN,Rendery,,
a08RB00001Z1GBsYAN,Rendery,Pro,1
a08RB00001Z1GBuYAN,Rendery,Enterprise,1
a08RB00001Z1GBvYAN,Rendery,Pro,1
a08RB00001Z1GBxYAN,Rendery,Enterprise,10
a08RB00001Z1GBzYAN,Rendery,Pro,1
a08RB00001Z1GC1YAN,Rendery,Pro,1
a08RB00001Z1GC2YAN,Rendery,,
a08RB00001Z1GC3YAN,Rendery,,
a08RB00001Z1GC4YAN,Rendery,Pro,1
a08RB00001Z1GC6YAN,Rendery,,
a08RB00001Z1GC7YAN,Rendery,Pro,1
a08RB00001Z1GC8YAN,Rendery,,
a08RB00001Z1GCCYA3,Rendery,,
a08RB00001Z1GCEYA3,Rendery,,
a08RB00001Z1GCFYA3,Rendery,,
a08RB00001Z1GC4YAN,Rendery,Pro,1
