"Reason","MatchCount","CSV_DealId","CSV_Title","CSV_Product","CSV_Quantity","CSV_Pipeline","CSV_Stage","CSV_Status","CSV_ACV","CSV_MRR","CSV_ARR","DerivedProductCategory","DerivedPlanCategory","DerivedAccountCount"
"Salesforceに複合キー一致なし","0","19","野村不動産 Rendery エンプラ導入の取引","Rendery Enterpriseプラン,Rendery セキュリティオプション(SSO)_初期費用,Rendery セキュリティオプション(SSO)_運用費用","12","Rendery 商談管理","決済手続/稟議中","成立","2260000","180000","2160000","Rendery","Enterprise","12"
"更新値を導出できない","1","45","株式会社ゼンリン東海 の取引","","","代理販売","アプローチ中","進行中","0","0","0","","",""
"更新値を導出できない","1","46","株式会社クラッチワークス の取引","","","代理販売","契約手続き中","進行中","0","0","0","","",""
"Salesforceに複合キー一致なし","0","135","乃村工藝社 の取引","Rendery Enterpriseプラン,Rendery セキュリティオプション+_初期費用,Rendery セキュリティオプション+_運用費用","7","Rendery 商談管理","トライアル中","進行中","2450000","175000","2100000","Rendery","Enterprise","7"
"更新値を導出できない","1","141","TOPPAN株式会社 の取引","","","代理販売","契約手続き中","進行中","0","0","0","","",""
"更新値を導出できない","1","183","日本社宅サービス株式会社","","","代理販売","初回お打ち合わせ完了","進行中","0","0","0","","",""
"Salesforce候補が複数あり一意に照合不可","2","193","東急建設株式会社","","","受託案件 商談管理","提案作成済み","進行中","0","0","0","受託開発","",""
"更新値を導出できない","1","194","福井コンピュータースマート株式会社","","","代理販売","契約開始","進行中","0","0","0","","",""
"更新値を導出できない","1","201","株式会社エムアールビジネス の取引","","","代理販売","内容の調整中","進行中","0","0","0","","",""
"更新値を導出できない","1","202","株式会社ホープハウスシステム","","","代理販売","契約手続き中","進行中","0","0","0","","",""
"Salesforceに複合キー一致なし","0","203","株式会社店研創意","Rendery Enterpriseプラン","5","Rendery アップセルPipe","意思決定構造の可視化","進行中","900000","75000","900000","Rendery","Enterprise","5"
"Salesforceに複合キー一致なし","0","248","大東建託株式会社 流通設計部","Rendery Enterpriseプラン","5","Rendery 商談管理","導入意向の確認中","進行中","900000","75000","900000","Rendery","Enterprise","5"
"Salesforceに複合キー一致なし","0","257","コンチネンタルホーム株式会社","Rendery Proプラン","3","Rendery 商談管理","決済手続/稟議中","成立","316800","26400","316800","Rendery","Pro","3"
"Salesforce候補が複数あり一意に照合不可","4","323","個人 の取引","Rendery Basicプラン","0","Rendery 商談管理","お問い合わせ受領","成立","0","0","0","Rendery","Basic","0"
"Salesforce候補が複数あり一意に照合不可","2","360","横松建設株式会社 等 の取引","Rendery Proプラン","1","Rendery 商談管理","お問い合わせ受領","成立","8800","0","0","Rendery","Pro","1"
"Salesforce候補が複数あり一意に照合不可","4","361","個人 の取引","","","Rendery 商談管理","お問い合わせ受領","成立","0","0","0","Rendery","",""
"Salesforce候補が複数あり一意に照合不可","2","362","IB設計 の取引","Rendery Proプラン","1","Rendery 商談管理","お問い合わせ受領","成立","8800","0","0","Rendery","Pro","1"
"Salesforce候補が複数あり一意に照合不可","7","364","個人 の取引","Rendery Proプラン","1","Rendery 商談管理","お問い合わせ受領","成立","8800","0","0","Rendery","Pro","1"
"Salesforce候補が複数あり一意に照合不可","7","365","個人 の取引","Rendery Proプラン","1","Rendery 商談管理","お問い合わせ受領","成立","8800","0","0","Rendery","Pro","1"
"Salesforce候補が複数あり一意に照合不可","2","367","IB設計 の取引","Rendery Proプラン","1","Rendery 商談管理","お問い合わせ受領","成立","8800","0","0","Rendery","Pro","1"
"Salesforce候補が複数あり一意に照合不可","4","368","個人 の取引","","","Rendery 商談管理","お問い合わせ受領","成立","0","0","0","Rendery","",""
"Salesforce候補が複数あり一意に照合不可","2","370","の取引","","","Rendery 商談管理","お問い合わせ受領","成立","0","0","0","Rendery","",""
"Salesforce候補が複数あり一意に照合不可","2","372","横松建設株式会社 等 の取引","Rendery Proプラン","1","Rendery 商談管理","お問い合わせ受領","成立","8800","0","0","Rendery","Pro","1"
"Salesforce候補が複数あり一意に照合不可","7","377","個人 の取引","Rendery Proプラン","1","Rendery 商談管理","お問い合わせ受領","成立","8800","0","0","Rendery","Pro","1"
"Salesforce候補が複数あり一意に照合不可","7","379","個人 の取引","Rendery Proプラン","1","Rendery 商談管理","お問い合わせ受領","成立","8800","0","0","Rendery","Pro","1"
"Salesforce候補が複数あり一意に照合不可","7","382","個人 の取引","Rendery Proプラン","1","Rendery 商談管理","お問い合わせ受領","成立","8800","0","0","Rendery","Pro","1"
"Salesforce候補が複数あり一意に照合不可","7","383","個人 の取引","Rendery Proプラン","1","Rendery 商談管理","お問い合わせ受領","成立","8800","0","0","Rendery","Pro","1"
"Salesforce候補が複数あり一意に照合不可","4","387","個人 の取引","Rendery Proプラン","0","Rendery 商談管理","お問い合わせ受領","成立","0","0","0","Rendery","Pro","0"
"Salesforce候補が複数あり一意に照合不可","7","390","個人 の取引","Rendery Proプラン","1","Rendery 商談管理","お問い合わせ受領","成立","8800","0","0","Rendery","Pro","1"
"Salesforce候補が複数あり一意に照合不可","2","393","の取引","","","Rendery 商談管理","お問い合わせ受領","成立","0","0","0","Rendery","",""
"Salesforce候補が複数あり一意に照合不可","2","425","錢高組","Rendery Proプラン","3","Rendery 商談管理","決済手続/稟議中","成立","316800","26400","316800","Rendery","Pro","3"
"Salesforce候補が複数あり一意に照合不可","2","437","錢高組","Rendery Proプラン","3","Rendery アップセルPipe","課題の組織化（個人→組織）","進行中","316800","26400","316800","Rendery","Pro","3"
"Salesforce候補が複数あり一意に照合不可","2","460","株式会社スタイルテック総合計画","Rendery Enterpriseプラン","5","Rendery 商談管理","決済手続/稟議中","成立","900000","75000","900000","Rendery","Enterprise","5"
"Salesforceに複合キー一致なし","0","506","近鉄不動産株式会社","Rendery Enterpriseプラン,Rendery セキュリティオプション+_初期費用,Rendery セキュリティオプション+_運用費用","13","Rendery 商談管理","決済手続/稟議中","成立","3530000","265000","3180000","Rendery","Enterprise","13"
"Salesforce候補が複数あり一意に照合不可","2","533","東急建設株式会社","","","Renderyリード管理","未接触（追客）","進行中","0","0","0","Rendery","",""
"Salesforce候補が複数あり一意に照合不可","2","566","株式会社ABC店舗","","","Renderyリード管理","接触成功","進行中","0","0","0","Rendery","",""
"Salesforceに複合キー一致なし","0","575","アルスホーム株式会社","Rendery Proプラン","2","Rendery 商談管理","導入意向の確認中","進行中","211200","17600","211200","Rendery","Pro","2"
"Salesforce候補が複数あり一意に照合不可","2","584","株式会社スタイルテック総合計画","Rendery Enterpriseプラン","5","Rendery CS Pipe","S2 初期定着","進行中","900000","75000","900000","Rendery","Enterprise","5"
"Salesforce候補が複数あり一意に照合不可","2","594","株式会社ABC店舗","","","Rendery 商談管理","休眠","進行中","0","0","0","Rendery","",""
"Salesforceに複合キー一致なし","0","603","若築建設株式会社","Rendery Proプラン","1","Rendery 商談管理","お打ち合わせセッティング完了","成立","105600","8800","105600","Rendery","Pro","1"
"Salesforceに複合キー一致なし","0","616","株式会社フジタ 建築本部 BIM推進統括部","Rendery Enterpriseプラン","120","Rendery CS Pipe","S3 活用拡張","進行中","20160000","1680000","20160000","Rendery","Enterprise","120"
"Salesforceに複合キー一致なし","0","618","株式会社ecoaハウス","Rendery Enterpriseプラン","60","Rendery CS Pipe","S1 導入直後","進行中","10800000","900000","10800000","Rendery","Enterprise","60"
"Salesforce候補が複数あり一意に照合不可","2","619","株式会社クラウドトップ","Rendery Proプラン","1","Rendery 商談管理","お打ち合わせセッティング完了","進行中","105600","8800","105600","Rendery","Pro","1"
"Salesforce候補が複数あり一意に照合不可","2","625","株式会社クラウドトップ","Rendery Proプラン","1","Rendery 商談管理","決済手続/稟議中","進行中","105600","8800","105600","Rendery","Pro","1"
"Salesforceに複合キー一致なし","0","633","株式会社テイクアンドギヴ・ニーズ","Rendery Proプラン","2","Rendery 商談管理","決済手続/稟議中","進行中","211200","17600","211200","Rendery","Pro","2"
"Salesforce候補が複数あり一意に照合不可","2","643","有限会社芝田工務店","","","Rendery 商談管理","お打ち合わせセッティング完了","進行中","0","0","0","Rendery","",""
"Salesforceに複合キー一致なし","0","645","株式会社野村工務店","Rendery Enterpriseプラン（代理販売）","10","Rendery 商談管理","決済手続/稟議中","成立","1440000","120000","1440000","Rendery","Enterprise","10"
"Salesforceに複合キー一致なし","0","650","NTTファシリティーズエンジニアリング株式会社","Rendery Enterpriseプラン","6","Rendery 商談管理","決済手続/稟議中","進行中","1080000","90000","1080000","Rendery","Enterprise","6"
"Salesforce候補が複数あり一意に照合不可","2","654","有限会社芝田工務店","","","Rendery 商談管理","社内検討中","進行中","0","0","0","Rendery","",""
"Salesforce候補が複数あり一意に照合不可","2","657","株式会社フューチャースケッチ","","","Rendery 商談管理","お打ち合わせセッティング完了","進行中","0","0","0","Rendery","",""
"Salesforceに複合キー一致なし","0","677","NTTファシリティーズ","Rendery Enterpriseプラン","100","Rendery CS Pipe","S1 導入直後","進行中","18000000","1500000","18000000","Rendery","Enterprise","100"
"Salesforceに複合キー一致なし","0","680","清水建設株式会社福岡支店工事部","Rendery Proプラン","8","Rendery 商談管理","決済手続/稟議中","進行中","844800","70400","844800","Rendery","Pro","8"
"Salesforceに複合キー一致なし","0","682","近鉄不動産株式会社","Rendery Enterpriseプラン","2","Rendery アップセルPipe","社内承認待ち（クロージング前）","成立","360000","30000","360000","Rendery","Enterprise","2"
"Salesforce候補が複数あり一意に照合不可","2","684","株式会社フューチャースケッチ","","","Rendery 商談管理","お打ち合わせセッティング完了","進行中","0","0","0","Rendery","",""
"Salesforceに複合キー一致なし","0","689","デザインアーク（大阪）","Rendery Enterpriseプラン","60","Rendery CS Pipe","S3 活用拡張","進行中","7920000","660000","7920000","Rendery","Enterprise","60"
"Salesforceに複合キー一致なし","0","693","株式会社MONO-GRAPH","Rendery Proプラン","1","Rendery 商談管理","お打ち合わせセッティング完了","成立","105600","8800","105600","Rendery","Pro","1"
"Salesforceに複合キー一致なし","0","694","株式会社グレート","Rendery Proプラン","1","Rendery 商談管理","トライアル中","進行中","105600","8800","105600","Rendery","Pro","1"
"Salesforceに複合キー一致なし","0","695","株式会社インテリジェントフォース","Rendery Proプラン","1","Rendery 商談管理","トライアル中","進行中","105600","8800","105600","Rendery","Pro","1"
"Salesforceに複合キー一致なし","0","699","blanco graphics","Rendery Proプラン","1","Rendery 商談管理","社内検討中","成立","105600","8800","105600","Rendery","Pro","1"
"Salesforceに複合キー一致なし","0","702","株式会社ローザ","Rendery Enterpriseプラン（代理販売）","10","Rendery 商談管理","トライアル中","進行中","1584000","132000","1584000","Rendery","Enterprise","10"
"Salesforceに複合キー一致なし","0","703","デザインアーク株式会社","Rendery Enterpriseプラン","10","Rendery アップセルPipe","社内承認待ち（クロージング前）","成立","1320000","110000","1320000","Rendery","Enterprise","10"
"Salesforceに複合キー一致なし","0","705","株式会社丸山アーバン","","","Rendery 商談管理","お打ち合わせセッティング完了","進行中","0","0","0","Rendery","",""
"Salesforceに複合キー一致なし","0","706","株式会社COCOROAGROUP","Rendery Proプラン","1","Rendery 商談管理","お打ち合わせセッティング完了","成立","105600","8800","105600","Rendery","Pro","1"
"Salesforceに複合キー一致なし","0","707","株式会社ｂｅｓｐｏｋｅ","","","Rendery 商談管理","お打ち合わせセッティング完了","進行中","0","0","0","Rendery","",""
"Salesforceに複合キー一致なし","0","708","山田 妙子","","","Rendery 商談管理","お打ち合わせセッティング完了","失注","0","0","0","Rendery","",""
"Salesforceに複合キー一致なし","0","709","ジーク株式会社(福岡)","","","Rendery CS Pipe","S1 導入直後","進行中","0","0","0","Rendery","",""
"Salesforceに複合キー一致なし","0","710","株式会社 フクダ・アンド・パートナーズ","Rendery Enterpriseプラン","10","Rendery 商談管理","トライアル中","進行中","1800000","150000","1800000","Rendery","Enterprise","10"
"Salesforceに複合キー一致なし","0","711","近鉄・都ホテルズ株式会社","Rendery Enterpriseプラン,Rendery セキュリティオプション+_初期費用,Rendery セキュリティオプション+_運用費用","12","Rendery 商談管理","導入意向の確認中","進行中","3350000","250000","3000000","Rendery","Enterprise","12"
"Salesforceに複合キー一致なし","0","712","株式会社 ヤマト","","","Rendery 商談管理","社内検討中","進行中","0","0","0","Rendery","",""
"Salesforceに複合キー一致なし","0","713","株式会社NOWLDWORKS","","","Rendery 商談管理","休眠","進行中","0","0","0","Rendery","",""
"Salesforceに複合キー一致なし","0","714","株式会社三和建設","","","Rendery 商談管理","お打ち合わせセッティング完了","進行中","0","0","0","Rendery","",""
"Salesforceに複合キー一致なし","0","715","株式会社パインウェル","Rendery Proプラン","1","Rendery 商談管理","社内検討中","成立","105600","8800","105600","Rendery","Pro","1"
"Salesforceに複合キー一致なし","0","716","梅林建設株式会社","Rendery Enterpriseプラン","60","Rendery CS Pipe","S1 導入直後","進行中","10080000","840000","10080000","Rendery","Enterprise","60"
"Salesforceに複合キー一致なし","0","717","創建ホーム株式会社","Rendery Enterpriseプラン","12","Rendery CS Pipe","S1 導入直後","進行中","2016000","168000","2016000","Rendery","Enterprise","12"
"Salesforceに複合キー一致なし","0","718","平川雅浩建築設計事務所","","","Rendery 商談管理","休眠","進行中","0","0","0","Rendery","",""
"Salesforceに複合キー一致なし","0","719","株式会社喜七屋","","","Rendery 商談管理","休眠","進行中","0","0","0","Rendery","",""
"Salesforceに複合キー一致なし","0","720","株式会社くろがね工作所","","","Rendery 商談管理","社内検討中","進行中","0","0","0","Rendery","",""
"Salesforceに複合キー一致なし","0","721","MANAMI MITSUMOTO","Rendery Basicプラン","1","Rendery 製品Lead管理","Paid（セルフ課金）","成立","66000","5500","66000","Rendery","Basic","1"
"Salesforceに複合キー一致なし","0","722","中央日本土地建物株式会社","","","Rendery 商談管理","社内検討中","進行中","0","0","0","Rendery","",""
"Salesforceに複合キー一致なし","0","723","ジーク株式会社","","","Rendery 商談管理","お打ち合わせセッティング完了","進行中","0","0","0","Rendery","",""
"Salesforceに複合キー一致なし","0","724","株式会社NENGO","knock knock AI 都度払い","1","knock knock AI 商談管理","トライアル中","進行中","3500","0","0","knock knock AI","","1"
"Salesforceに複合キー一致なし","0","725","有限会社藤田建築設計事務所","","","Rendery 商談管理","社内検討中","進行中","0","0","0","Rendery","",""
"Salesforceに複合キー一致なし","0","726","株式会社オカムラ","","","Rendery 商談管理","社内検討中","進行中","0","0","0","Rendery","",""
"Salesforceに複合キー一致なし","0","727","コンチネンタルホーム株式会社","Rendery Proプラン","2","Rendery アップセルPipe","社内承認待ち（クロージング前）","成立","211200","17600","211200","Rendery","Pro","2"
"Salesforceに複合キー一致なし","0","728","三菱地所レジデンス株式会社","","","Rendery CS Pipe","S1 導入直後","進行中","0","0","0","Rendery","",""
"Salesforceに複合キー一致なし","0","729","くらし研究室の取引","Rendery Proプラン","1","Rendery 商談管理","決済手続/稟議中","成立","105600","8800","105600","Rendery","Pro","1"
"Salesforceに複合キー一致なし","0","730","株式会社アロワーズ","","","Rendery 商談管理","社内検討中","進行中","0","0","0","Rendery","",""
"Salesforceに複合キー一致なし","0","731","パナソニックリビング株式会社　首都圏・関東社","Rendery Proプラン","1","Rendery 商談管理","トライアル中","進行中","105600","8800","105600","Rendery","Pro","1"
"Salesforceに複合キー一致なし","0","732","メッシュ景観設計事務所","Rendery Proプラン","1","Rendery 商談管理","トライアル中","進行中","105600","8800","105600","Rendery","Pro","1"
"Salesforceに複合キー一致なし","0","733","株式会社tide line creates","Rendery Proプラン","1","Rendery 商談管理","トライアル中","進行中","105600","8800","105600","Rendery","Pro","1"
"Salesforceに複合キー一致なし","0","734","株式会社フォーデック","Rendery Proプラン","1","Rendery 商談管理","トライアル中","進行中","105600","8800","105600","Rendery","Pro","1"
"Salesforceに複合キー一致なし","0","735","株式会社池田工務店","Rendery Proプラン","1","Rendery 商談管理","お打ち合わせセッティング完了","進行中","105600","8800","105600","Rendery","Pro","1"
"Salesforceに複合キー一致なし","0","736","atelier S","","","Rendery 商談管理","社内検討中","進行中","0","0","0","Rendery","",""
"Salesforceに複合キー一致なし","0","737","株式会社群馬エステート","","","Rendery 商談管理","休眠","進行中","0","0","0","Rendery","",""
"Salesforceに複合キー一致なし","0","738","スペースインダストリー株式会社","","","Rendery 商談管理","社内検討中","進行中","0","0","0","Rendery","",""
"Salesforceに複合キー一致なし","0","739","株式会社野村工務店","","","Rendery CS Pipe","S1 導入直後","進行中","0","0","0","Rendery","",""
"Salesforceに複合キー一致なし","0","740","サーラ住宅株式会社","","","Rendery 商談管理","社内検討中","進行中","0","0","0","Rendery","",""
"Salesforceに複合キー一致なし","0","741","近畿日本鉄道株式会社","","","Rendery 商談管理","休眠","進行中","0","0","0","Rendery","",""
"Salesforceに複合キー一致なし","0","742","株式会社サンテン・コーポレーション","Rendery Proプラン","4","Rendery 商談管理","決済手続/稟議中","進行中","422400","35200","422400","Rendery","Pro","4"
"Salesforceに複合キー一致なし","0","743","森ビル株式会社設計部","Rendery Proプラン","2","Rendery 商談管理","決済手続/稟議中","進行中","211200","17600","211200","Rendery","Pro","2"
