"attributes","Id","Name","Account__c","MasterContract__c","ContractPeriod__c","ContractYearMonth__c","Month__c","PeriodStartDate__c","PeriodEndDate__c","ProductMaster__c","QuotationLine__c","RelatedInvoice__c","RevenueAmount__c","Total__c","MRR_Target__c","InitialFee__c","PeopleNumber__c","CreatedDate","LastModifiedDate","ContractNumber","ContractName","ContractStatus","AccountName","ProductName"
"{'type': 'ContractLineItem__c', 'url': '/services/data/v67.0/sobjects/ContractLineItem__c/a03RB00001RcAfpYAF'}","a03RB00001RcAfpYAF","野村不動産株式会社　商業事業本部_2026/07","001RB00001VTCYEYA5","a04RB00000lZ54zYAC","a0BRB0000100Bsb2AE","2026/07","2026/07","2026-07-01","2026-07-31","a0CRB0000CcXZ6X2QW","a09RB000010S68bYAC","","140000","140000","True","False","120","2026-07-06T21:53:46.000+0000","2026-07-06T21:53:46.000+0000","CN-00000191","野村不動産株式会社　商業事業本部","Activated","野村不動産株式会社","[年払] Rendery Enterpriseプラン　※MRR計上用"
"{'type': 'ContractLineItem__c', 'url': '/services/data/v67.0/sobjects/ContractLineItem__c/a03RB00001RcAfqYAF'}","a03RB00001RcAfqYAF","野村不動産株式会社　商業事業本部_2026/07","001RB00001VTCYEYA5","a04RB00000lZ54zYAC","a0BRB0000100Bsb2AE","2026/07","2026/07","2026-07-01","2026-07-31","a0CRB0000CcXZ6b2QG","a09RB000010Ty8LYAS","","30000","30000","True","False","12","2026-07-06T21:53:46.000+0000","2026-07-06T21:53:46.000+0000","CN-00000191","野村不動産株式会社　商業事業本部","Activated","野村不動産株式会社","Rendery セキュリティオプション(SSO)_運用費用"
"{'type': 'ContractLineItem__c', 'url': '/services/data/v67.0/sobjects/ContractLineItem__c/a03RB00001UyZW6YAN'}","a03RB00001UyZW6YAN","a03RB00001UyZW6","001RB00001VTCYEYA5","a04RB00000n5JdvYAE","a0BRB000012EChP2AW","2026/06","2026/06","2026-06-01","2026-06-30","a0CRB0000CcXZ6b2QG","","a00RB00002B4i3PYAR","30000","30000","True","False","1","2026-07-24T08:35:05.000+0000","2026-07-28T02:33:22.000+0000","CN-00000213","野村不動産株式会社 Rendery Enterpriseプラン Freee自動請求契約","Activated","野村不動産株式会社","Rendery セキュリティオプション(SSO)_運用費用"
"{'type': 'ContractLineItem__c', 'url': '/services/data/v67.0/sobjects/ContractLineItem__c/a03RB00001UyZW7YAN'}","a03RB00001UyZW7YAN","a03RB00001UyZW7","001RB00001VTCYEYA5","a04RB00000n5JdvYAE","a0BRB000012EChP2AW","2026/06","2026/06","2026-06-01","2026-06-30","a0CRB0000CcXZ6V2QW","","a00RB00002B4i3PYAR","150000","150000","True","False","10","2026-07-24T08:35:05.000+0000","2026-07-28T02:33:22.000+0000","CN-00000213","野村不動産株式会社 Rendery Enterpriseプラン Freee自動請求契約","Activated","野村不動産株式会社","Rendery Enterpriseプラン"
"{'type': 'ContractLineItem__c', 'url': '/services/data/v67.0/sobjects/ContractLineItem__c/a03RB00001UyZWOYA3'}","a03RB00001UyZWOYA3","a03RB00001UyZWO","001RB00001VTCYEYA5","a04RB00000n5JdvYAE","a0BRB000012EChg2AG","2026/04","2026/04","2026-04-01","2026-04-30","a0CRB0000CcXZ6b2QG","","a00RB00002B4i3hYAB","30000","30000","True","False","1","2026-07-24T08:35:05.000+0000","2026-07-28T02:33:22.000+0000","CN-00000213","野村不動産株式会社 Rendery Enterpriseプラン Freee自動請求契約","Activated","野村不動産株式会社","Rendery セキュリティオプション(SSO)_運用費用"
"{'type': 'ContractLineItem__c', 'url': '/services/data/v67.0/sobjects/ContractLineItem__c/a03RB00001UyZWPYA3'}","a03RB00001UyZWPYA3","a03RB00001UyZWP","001RB00001VTCYEYA5","a04RB00000n5JdvYAE","a0BRB000012EChg2AG","2026/04","2026/04","2026-04-01","2026-04-30","a0CRB0000CcXZ6V2QW","","a00RB00002B4i3hYAB","150000","150000","True","False","10","2026-07-24T08:35:05.000+0000","2026-07-28T02:33:22.000+0000","CN-00000213","野村不動産株式会社 Rendery Enterpriseプラン Freee自動請求契約","Activated","野村不動産株式会社","Rendery Enterpriseプラン"
"{'type': 'ContractLineItem__c', 'url': '/services/data/v67.0/sobjects/ContractLineItem__c/a03RB00001UyZWgYAN'}","a03RB00001UyZWgYAN","a03RB00001UyZWg","001RB00001VTCYEYA5","a04RB00000n5JdvYAE","a0BRB000012EChx2AG","2026/05","2026/05","2026-05-01","2026-05-31","a0CRB0000CcXZ6b2QG","","a00RB00002B4i3yYAB","30000","30000","True","False","1","2026-07-24T08:35:05.000+0000","2026-07-28T02:33:22.000+0000","CN-00000213","野村不動産株式会社 Rendery Enterpriseプラン Freee自動請求契約","Activated","野村不動産株式会社","Rendery セキュリティオプション(SSO)_運用費用"
"{'type': 'ContractLineItem__c', 'url': '/services/data/v67.0/sobjects/ContractLineItem__c/a03RB00001UyZWhYAN'}","a03RB00001UyZWhYAN","a03RB00001UyZWh","001RB00001VTCYEYA5","a04RB00000n5JdvYAE","a0BRB000012EChx2AG","2026/05","2026/05","2026-05-01","2026-05-31","a0CRB0000CcXZ6V2QW","","a00RB00002B4i3yYAB","150000","150000","True","False","10","2026-07-24T08:35:05.000+0000","2026-07-28T02:33:22.000+0000","CN-00000213","野村不動産株式会社 Rendery Enterpriseプラン Freee自動請求契約","Activated","野村不動産株式会社","Rendery Enterpriseプラン"
"{'type': 'ContractLineItem__c', 'url': '/services/data/v67.0/sobjects/ContractLineItem__c/a03RB00001VUaobYAD'}","a03RB00001VUaobYAD","a03RB00001VUaob","001RB00001VTCYEYA5","a04RB00000lZ54zYAC","a0BRB0000100Bsb2AE","2026/07","2026/07","2026-07-01","2026-07-31","a0CRB0000CcXZ6Z2QW","","a00RB00002DHAs5YAH","140000","140000","False","False","120","2026-07-28T04:58:43.000+0000","2026-08-06T01:32:41.000+0000","CN-00000191","野村不動産株式会社　商業事業本部","Activated","野村不動産株式会社","[年払] Rendery Enterpriseプラン"
"{'type': 'ContractLineItem__c', 'url': '/services/data/v67.0/sobjects/ContractLineItem__c/a03RB00001X5x2QYAR'}","a03RB00001X5x2QYAR","野村不動産株式会社　商業事業本部_2026/08","001RB00001VTCYEYA5","a04RB00000lZ54zYAC","a0BRB0000100Bsb2AE","2026/08","2026/08","2026-08-01","2026-08-31","a0CRB0000CcXZ6X2QW","a09RB000010S68bYAC","","140000","140000","True","False","120","2026-08-06T01:24:20.000+0000","2026-08-06T01:24:20.000+0000","CN-00000191","野村不動産株式会社　商業事業本部","Activated","野村不動産株式会社","[年払] Rendery Enterpriseプラン　※MRR計上用"
"{'type': 'ContractLineItem__c', 'url': '/services/data/v67.0/sobjects/ContractLineItem__c/a03RB00001X5x2RYAR'}","a03RB00001X5x2RYAR","野村不動産株式会社　商業事業本部_2026/08","001RB00001VTCYEYA5","a04RB00000lZ54zYAC","a0BRB0000100Bsb2AE","2026/08","2026/08","2026-08-01","2026-08-31","a0CRB0000CcXZ6b2QG","a09RB000010Ty8LYAS","","30000","30000","True","False","12","2026-08-06T01:24:20.000+0000","2026-08-06T01:24:20.000+0000","CN-00000191","野村不動産株式会社　商業事業本部","Activated","野村不動産株式会社","Rendery セキュリティオプション(SSO)_運用費用"
"{'type': 'ContractLineItem__c', 'url': '/services/data/v67.0/sobjects/ContractLineItem__c/a03RB00001X5x2SYAR'}","a03RB00001X5x2SYAR","野村不動産株式会社　商業事業本部_2026/08","001RB00001VTCYEYA5","a04RB00000lZ54zYAC","a0BRB0000100Bsb2AE","2026/08","2026/08","2026-08-01","2026-08-31","a0CRB0000CcXZ6Z2QW","","","140000","140000","False","False","120","2026-08-06T01:24:20.000+0000","2026-08-06T01:24:20.000+0000","CN-00000191","野村不動産株式会社　商業事業本部","Activated","野村不動産株式会社","[年払] Rendery Enterpriseプラン"
"{'type': 'ContractLineItem__c', 'url': '/services/data/v67.0/sobjects/ContractLineItem__c/a03RB00001X5x2jYAB'}","a03RB00001X5x2jYAB","野村不動産株式会社 Rendery Enterpriseプラン Freee自動請求契約_2026/08","001RB00001VTCYEYA5","a04RB00000n5JdvYAE","a0BRB000013eexd2AA","2026/08","2026/08","2026-08-01","2026-08-31","a0CRB0000CcXZ6b2QG","","","30000","30000","True","False","1","2026-08-06T01:24:20.000+0000","2026-08-06T01:24:20.000+0000","CN-00000213","野村不動産株式会社 Rendery Enterpriseプラン Freee自動請求契約","Activated","野村不動産株式会社","Rendery セキュリティオプション(SSO)_運用費用"
"{'type': 'ContractLineItem__c', 'url': '/services/data/v67.0/sobjects/ContractLineItem__c/a03RB00001X5x2kYAB'}","a03RB00001X5x2kYAB","野村不動産株式会社 Rendery Enterpriseプラン Freee自動請求契約_2026/08","001RB00001VTCYEYA5","a04RB00000n5JdvYAE","a0BRB000013eexd2AA","2026/08","2026/08","2026-08-01","2026-08-31","a0CRB0000CcXZ6V2QW","","","150000","150000","True","False","10","2026-08-06T01:24:20.000+0000","2026-08-06T01:24:20.000+0000","CN-00000213","野村不動産株式会社 Rendery Enterpriseプラン Freee自動請求契約","Activated","野村不動産株式会社","Rendery Enterpriseプラン"
