Id,Name,MasterContract__c,ContractYearMonth__c,Plan__c,PeopleNumber__c,RevenueAmount__c,ProductMaster__c,ProductMaster__r.Name
a03RB00001STmGuYAL,studio55_2026/08,a04RB00000kUANnYAO,2026/08,BA,1,,,
a03RB00001RcABDYA3,studio55_2026/07,a04RB00000kUANnYAO,2026/07,BA,1,,,
a03RB00001RIREdYAP,studio55_2026/06,a04RB00000kUANnYAO,2026/06,BA,1,,,
a03RB00001Nswl5YAB,studio55_2024/11,a04RB00000kUANnYAO,2024/11,BA,1,,,
a03RB00001NswX9YAJ,studio55_2024/11,a04RB00000kUANnYAO,2024/11,BA,1,,,
a03RB00001NswX8YAJ,studio55_2024/10,a04RB00000kUANnYAO,2024/10,BA,1,,,
a03RB00001Nswl4YAB,studio55_2024/10,a04RB00000kUANnYAO,2024/10,BA,1,,,
a03RB00001Nswl3YAB,studio55_2024/09,a04RB00000kUANnYAO,2024/09,BA,1,,,
a03RB00001NswX7YAJ,studio55_2024/09,a04RB00000kUANnYAO,2024/09,BA,1,,,
a03RB00001STmGvYAL,東急リゾーツ＆ステイ_2026/08,a04RB00000kUANqYAO,2026/08,EN,4,44000,,
a03RB00001RcABIYA3,東急リゾーツ＆ステイ_2026/07,a04RB00000kUANqYAO,2026/07,EN,4,44000,,
a03RB00001NswXnYAJ,東急リゾーツ＆ステイ_2026/06,a04RB00000kUANqYAO,2026/06,EN,4,,,
a03RB00001NswXmYAJ,東急リゾーツ＆ステイ_2026/05,a04RB00000kUANqYAO,2026/05,EN,9,,,
a03RB00001NswXlYAJ,東急リゾーツ＆ステイ_2026/04,a04RB00000kUANqYAO,2026/04,EN,9,,,
a03RB00001NswXkYAJ,東急リゾーツ＆ステイ_2026/03,a04RB00000kUANqYAO,2026/03,EN,9,,,
a03RB00001NswXjYAJ,東急リゾーツ＆ステイ_2026/02,a04RB00000kUANqYAO,2026/02,EN,9,,,
a03RB00001NswXiYAJ,東急リゾーツ＆ステイ_2026/01,a04RB00000kUANqYAO,2026/01,EN,9,,,
a03RB00001NswXhYAJ,東急リゾーツ＆ステイ_2025/12,a04RB00000kUANqYAO,2025/12,EN,9,,,
a03RB00001NswXgYAJ,東急リゾーツ＆ステイ_2025/11,a04RB00000kUANqYAO,2025/11,EN,9,,,
a03RB00001NswXfYAJ,東急リゾーツ＆ステイ_2025/10,a04RB00000kUANqYAO,2025/10,EN,9,,,
a03RB00001NswXeYAJ,東急リゾーツ＆ステイ_2025/09,a04RB00000kUANqYAO,2025/09,EN,9,,,
a03RB00001NswXdYAJ,東急リゾーツ＆ステイ_2025/08,a04RB00000kUANqYAO,2025/08,EN,9,,,
a03RB00001NswXcYAJ,東急リゾーツ＆ステイ_2025/07,a04RB00000kUANqYAO,2025/07,EN,9,,,
a03RB00001NswXbYAJ,東急リゾーツ＆ステイ_2025/06,a04RB00000kUANqYAO,2025/06,EN,9,,,
a03RB00001NswXaYAJ,東急リゾーツ＆ステイ_2025/05,a04RB00000kUANqYAO,2025/05,EN,9,,,
a03RB00001NswXZYAZ,東急リゾーツ＆ステイ_2025/04,a04RB00000kUANqYAO,2025/04,EN,9,,,
a03RB00001NswXYYAZ,東急リゾーツ＆ステイ_2025/03,a04RB00000kUANqYAO,2025/03,EN,9,,,
a03RB00001NswXXYAZ,東急リゾーツ＆ステイ_2025/02,a04RB00000kUANqYAO,2025/02,EN,9,,,
a03RB00001NswXWYAZ,東急リゾーツ＆ステイ_2025/01,a04RB00000kUANqYAO,2025/01,EN,9,,,
a03RB00001NswXVYAZ,東急リゾーツ＆ステイ_2024/12,a04RB00000kUANqYAO,2024/12,EN,9,,,
a03RB00001NswXUYAZ,東急リゾーツ＆ステイ_2024/11,a04RB00000kUANqYAO,2024/11,EN,9,,,
a03RB00001NswYSYAZ,ジェイアール北海道エンジニアリング株式会社(大塚商会)_2026/10,a04RB00000kUANtYAO,2026/10,Pro＋,1,,,
a03RB00001NswYRYAZ,ジェイアール北海道エンジニアリング株式会社(大塚商会)_2026/09,a04RB00000kUANtYAO,2026/09,Pro＋,1,,,
a03RB00001NswYQYAZ,ジェイアール北海道エンジニアリング株式会社(大塚商会)_2026/08,a04RB00000kUANtYAO,2026/08,Pro＋,1,,,
a03RB00001NswYPYAZ,ジェイアール北海道エンジニアリング株式会社(大塚商会)_2026/07,a04RB00000kUANtYAO,2026/07,Pro＋,1,,,
a03RB00001NswYOYAZ,ジェイアール北海道エンジニアリング株式会社(大塚商会)_2026/06,a04RB00000kUANtYAO,2026/06,Pro＋,1,,,
a03RB00001NswYNYAZ,ジェイアール北海道エンジニアリング株式会社(大塚商会)_2026/05,a04RB00000kUANtYAO,2026/05,Pro＋,1,,,
a03RB00001NswYMYAZ,ジェイアール北海道エンジニアリング株式会社(大塚商会)_2025/12,a04RB00000kUANtYAO,2025/12,Pro＋,1,,,
a03RB00001NswYLYAZ,ジェイアール北海道エンジニアリング株式会社(大塚商会)_2025/11,a04RB00000kUANtYAO,2025/11,Pro＋,1,,,
a03RB00001NswYKYAZ,ジェイアール北海道エンジニアリング株式会社(大塚商会)_2024/12,a04RB00000kUANtYAO,2024/12,Pro＋,1,,,
a03RB00001NswYqYAJ,リリカラ(大塚商会)_2026/10,a04RB00000kUANuYAO,2026/10,Pro＋,2,,,
a03RB00001NswYpYAJ,リリカラ(大塚商会)_2026/09,a04RB00000kUANuYAO,2026/09,Pro＋,2,,,
a03RB00001NswYoYAJ,リリカラ(大塚商会)_2026/08,a04RB00000kUANuYAO,2026/08,Pro＋,2,,,
a03RB00001NswYnYAJ,リリカラ(大塚商会)_2026/07,a04RB00000kUANuYAO,2026/07,Pro＋,2,,,
a03RB00001NswYmYAJ,リリカラ(大塚商会)_2026/06,a04RB00000kUANuYAO,2026/06,Pro＋,2,,,
a03RB00001NswYlYAJ,リリカラ(大塚商会)_2026/05,a04RB00000kUANuYAO,2026/05,Pro＋,2,,,
a03RB00001NswYkYAJ,リリカラ(大塚商会)_2026/04,a04RB00000kUANuYAO,2026/04,Pro＋,2,,,
a03RB00001NswYjYAJ,リリカラ(大塚商会)_2026/03,a04RB00000kUANuYAO,2026/03,Pro＋,2,,,
a03RB00001NswYiYAJ,リリカラ(大塚商会)_2026/02,a04RB00000kUANuYAO,2026/02,Pro＋,2,,,
a03RB00001NswYhYAJ,リリカラ(大塚商会)_2026/01,a04RB00000kUANuYAO,2026/01,Pro＋,2,,,
a03RB00001NswYgYAJ,リリカラ(大塚商会)_2025/12,a04RB00000kUANuYAO,2025/12,Pro＋,2,,,
a03RB00001NswYfYAJ,リリカラ(大塚商会)_2025/11,a04RB00000kUANuYAO,2025/11,Pro＋,2,,,
a03RB00001NswYeYAJ,リリカラ(大塚商会)_2025/10,a04RB00000kUANuYAO,2025/10,Pro＋,2,,,
a03RB00001NswYdYAJ,リリカラ(大塚商会)_2025/09,a04RB00000kUANuYAO,2025/09,Pro＋,2,,,
a03RB00001NswYcYAJ,リリカラ(大塚商会)_2025/08,a04RB00000kUANuYAO,2025/08,Pro＋,2,,,
a03RB00001NswYbYAJ,リリカラ(大塚商会)_2025/07,a04RB00000kUANuYAO,2025/07,Pro＋,2,,,
a03RB00001NswYaYAJ,リリカラ(大塚商会)_2025/06,a04RB00000kUANuYAO,2025/06,Pro＋,2,,,
a03RB00001NswYZYAZ,リリカラ(大塚商会)_2025/05,a04RB00000kUANuYAO,2025/05,Pro＋,2,,,
a03RB00001NswYYYAZ,リリカラ(大塚商会)_2025/04,a04RB00000kUANuYAO,2025/04,Pro＋,2,,,
a03RB00001NswYXYAZ,リリカラ(大塚商会)_2025/03,a04RB00000kUANuYAO,2025/03,Pro＋,2,,,
a03RB00001NswYWYAZ,リリカラ(大塚商会)_2025/02,a04RB00000kUANuYAO,2025/02,Pro＋,2,,,
a03RB00001NswYVYAZ,リリカラ(大塚商会)_2025/01,a04RB00000kUANuYAO,2025/01,Pro＋,2,,,
a03RB00001NswYUYAZ,リリカラ(大塚商会)_2024/12,a04RB00000kUANuYAO,2024/12,Pro＋,2,,,
a03RB00001NswYTYAZ,リリカラ(大塚商会)_2024/11,a04RB00000kUANuYAO,2024/11,Pro＋,2,,,
a03RB00001STmGxYAL,九州旅客鉄道株式会社　工事部施設課_2026/08,a04RB00000kUANxYAO,2026/08,Pro,1,8000,,
a03RB00001RcABKYA3,九州旅客鉄道株式会社　工事部施設課_2026/07,a04RB00000kUANxYAO,2026/07,Pro,1,8000,,
a03RB00001RIREjYAP,九州旅客鉄道株式会社　工事部施設課_2026/06,a04RB00000kUANxYAO,2026/06,Pro,1,8000,,
a03RB00001NswZcYAJ,九州旅客鉄道株式会社 工事部施設課_2026/05,a04RB00000kUANxYAO,2026/05,Pro,1,,,
a03RB00001NswZbYAJ,九州旅客鉄道株式会社 工事部施設課_2026/04,a04RB00000kUANxYAO,2026/04,Pro,1,,,
a03RB00001NswZaYAJ,九州旅客鉄道株式会社 工事部施設課_2026/03,a04RB00000kUANxYAO,2026/03,Pro,1,,,
a03RB00001NswZZYAZ,九州旅客鉄道株式会社 工事部施設課_2026/02,a04RB00000kUANxYAO,2026/02,Pro,1,,,
a03RB00001NswZYYAZ,九州旅客鉄道株式会社 工事部施設課_2026/01,a04RB00000kUANxYAO,2026/01,Pro,1,,,
a03RB00001NswZXYAZ,九州旅客鉄道株式会社 工事部施設課_2025/12,a04RB00000kUANxYAO,2025/12,Pro,1,,,
a03RB00001NswZWYAZ,九州旅客鉄道株式会社 工事部施設課_2025/11,a04RB00000kUANxYAO,2025/11,Pro,1,,,
a03RB00001NswZVYAZ,九州旅客鉄道株式会社 工事部施設課_2025/10,a04RB00000kUANxYAO,2025/10,Pro,1,,,
a03RB00001NswZUYAZ,九州旅客鉄道株式会社 工事部施設課_2025/09,a04RB00000kUANxYAO,2025/09,Pro,1,,,
a03RB00001NswZTYAZ,九州旅客鉄道株式会社 工事部施設課_2025/08,a04RB00000kUANxYAO,2025/08,Pro,1,,,
a03RB00001NswZSYAZ,九州旅客鉄道株式会社 工事部施設課_2025/07,a04RB00000kUANxYAO,2025/07,Pro,1,,,
a03RB00001NswZRYAZ,九州旅客鉄道株式会社 工事部施設課_2025/06,a04RB00000kUANxYAO,2025/06,Pro,1,,,
a03RB00001NswZQYAZ,九州旅客鉄道株式会社 工事部施設課_2025/05,a04RB00000kUANxYAO,2025/05,Pro,1,,,
a03RB00001NswZPYAZ,九州旅客鉄道株式会社 工事部施設課_2025/04,a04RB00000kUANxYAO,2025/04,Pro,1,,,
a03RB00001NswZOYAZ,九州旅客鉄道株式会社 工事部施設課_2025/03,a04RB00000kUANxYAO,2025/03,Pro,1,,,
a03RB00001NswZNYAZ,九州旅客鉄道株式会社 工事部施設課_2025/02,a04RB00000kUANxYAO,2025/02,Pro,1,,,
a03RB00001NswZMYAZ,九州旅客鉄道株式会社 工事部施設課_2025/01,a04RB00000kUANxYAO,2025/01,Pro,1,,,
a03RB00001NswZLYAZ,九州旅客鉄道株式会社 工事部施設課_2024/12,a04RB00000kUANxYAO,2024/12,Pro,1,,,
a03RB00001NswbIYAR,佐伯綜合建設(大塚商会)_2027/01,a04RB00000kUAO6YAO,2027/01,Pro＋,1,,,
a03RB00001NswbHYAR,佐伯綜合建設(大塚商会)_2026/12,a04RB00000kUAO6YAO,2026/12,Pro＋,1,,,
a03RB00001NswbGYAR,佐伯綜合建設(大塚商会)_2026/11,a04RB00000kUAO6YAO,2026/11,Pro＋,1,,,
a03RB00001NswbFYAR,佐伯綜合建設(大塚商会)_2026/10,a04RB00000kUAO6YAO,2026/10,Pro＋,1,,,
a03RB00001NswbEYAR,佐伯綜合建設(大塚商会)_2026/09,a04RB00000kUAO6YAO,2026/09,Pro＋,1,,,
a03RB00001NswbDYAR,佐伯綜合建設(大塚商会)_2026/08,a04RB00000kUAO6YAO,2026/08,Pro＋,1,,,
a03RB00001NswbCYAR,佐伯綜合建設(大塚商会)_2026/07,a04RB00000kUAO6YAO,2026/07,Pro＋,1,,,
a03RB00001NswbBYAR,佐伯綜合建設(大塚商会)_2026/06,a04RB00000kUAO6YAO,2026/06,Pro＋,1,,,
a03RB00001NswbAYAR,佐伯綜合建設(大塚商会)_2026/05,a04RB00000kUAO6YAO,2026/05,Pro＋,1,,,
a03RB00001Nswb9YAB,佐伯綜合建設(大塚商会)_2026/04,a04RB00000kUAO6YAO,2026/04,Pro＋,1,,,
a03RB00001Nswb8YAB,佐伯綜合建設(大塚商会)_2026/03,a04RB00000kUAO6YAO,2026/03,Pro＋,1,,,
a03RB00001Nswb7YAB,佐伯綜合建設(大塚商会)_2026/02,a04RB00000kUAO6YAO,2026/02,Pro＋,1,,,
a03RB00001Nswb6YAB,佐伯綜合建設(大塚商会)_2026/01,a04RB00000kUAO6YAO,2026/01,Pro＋,1,,,
a03RB00001Nswb5YAB,佐伯綜合建設(大塚商会)_2025/12,a04RB00000kUAO6YAO,2025/12,Pro＋,1,,,
a03RB00001Nswb4YAB,佐伯綜合建設(大塚商会)_2025/11,a04RB00000kUAO6YAO,2025/11,Pro＋,1,,,
a03RB00001Nswb3YAB,佐伯綜合建設(大塚商会)_2025/10,a04RB00000kUAO6YAO,2025/10,Pro＋,1,,,
a03RB00001Nswb2YAB,佐伯綜合建設(大塚商会)_2025/09,a04RB00000kUAO6YAO,2025/09,Pro＋,1,,,
a03RB00001Nswb1YAB,佐伯綜合建設(大塚商会)_2025/08,a04RB00000kUAO6YAO,2025/08,Pro＋,1,,,
a03RB00001Nswb0YAB,佐伯綜合建設(大塚商会)_2025/07,a04RB00000kUAO6YAO,2025/07,Pro＋,1,,,
a03RB00001NswazYAB,佐伯綜合建設(大塚商会)_2025/06,a04RB00000kUAO6YAO,2025/06,Pro＋,1,,,
a03RB00001NswayYAB,佐伯綜合建設(大塚商会)_2025/05,a04RB00000kUAO6YAO,2025/05,Pro＋,1,,,
a03RB00001NswaxYAB,佐伯綜合建設(大塚商会)_2025/04,a04RB00000kUAO6YAO,2025/04,Pro＋,1,,,
a03RB00001NswawYAB,佐伯綜合建設(大塚商会)_2025/03,a04RB00000kUAO6YAO,2025/03,Pro＋,1,,,
a03RB00001NswavYAB,佐伯綜合建設(大塚商会)_2025/02,a04RB00000kUAO6YAO,2025/02,Pro＋,1,,,
a03RB00001NswboYAB,矢作建設工業株式会社_2026/07,a04RB00000kUAO9YAO,2026/07,EN,5,,,
a03RB00001NswbnYAB,矢作建設工業株式会社_2026/06,a04RB00000kUAO9YAO,2026/06,EN,5,,,
a03RB00001NswbmYAB,矢作建設工業株式会社_2026/05,a04RB00000kUAO9YAO,2026/05,EN,5,,,
a03RB00001NswblYAB,矢作建設工業株式会社_2026/04,a04RB00000kUAO9YAO,2026/04,EN,5,,,
a03RB00001NswbkYAB,矢作建設工業株式会社_2026/03,a04RB00000kUAO9YAO,2026/03,EN,5,,,
a03RB00001NswbjYAB,矢作建設工業株式会社_2026/02,a04RB00000kUAO9YAO,2026/02,EN,5,,,
a03RB00001NswbiYAB,矢作建設工業株式会社_2026/01,a04RB00000kUAO9YAO,2026/01,EN,5,,,
a03RB00001NswbhYAB,矢作建設工業株式会社_2025/12,a04RB00000kUAO9YAO,2025/12,EN,5,,,
a03RB00001NswbgYAB,矢作建設工業株式会社_2025/11,a04RB00000kUAO9YAO,2025/11,EN,5,,,
a03RB00001NswbfYAB,矢作建設工業株式会社_2025/10,a04RB00000kUAO9YAO,2025/10,EN,5,,,
a03RB00001NswbeYAB,矢作建設工業株式会社_2025/09,a04RB00000kUAO9YAO,2025/09,EN,5,,,
a03RB00001NswbdYAB,矢作建設工業株式会社_2025/08,a04RB00000kUAO9YAO,2025/08,EN,5,,,
a03RB00001NswbcYAB,矢作建設工業株式会社_2025/07,a04RB00000kUAO9YAO,2025/07,EN,5,,,
a03RB00001NswbbYAB,矢作建設工業株式会社_2025/04,a04RB00000kUAO9YAO,2025/04,EN,4,,,
a03RB00001STmH5YAL,九州旅客鉄道株式会社　博多設備区_2026/08,a04RB00000kUAOIYA4,2026/08,Pro,1,8000,,
a03RB00001RcABZYA3,九州旅客鉄道株式会社　博多設備区_2026/07,a04RB00000kUAOIYA4,2026/07,Pro,1,8000,,
a03RB00001RIRExYAP,九州旅客鉄道株式会社　博多設備区_2026/06,a04RB00000kUAOIYA4,2026/06,Pro,1,8000,,
a03RB00001Nswd9YAB,九州旅客鉄道株式会社 博多設備区_2026/05,a04RB00000kUAOIYA4,2026/05,Pro,1,,,
a03RB00001Nswd8YAB,九州旅客鉄道株式会社 博多設備区_2026/04,a04RB00000kUAOIYA4,2026/04,Pro,1,,,
a03RB00001Nswd7YAB,九州旅客鉄道株式会社 博多設備区_2026/03,a04RB00000kUAOIYA4,2026/03,Pro,1,,,
a03RB00001Nswd6YAB,九州旅客鉄道株式会社 博多設備区_2026/02,a04RB00000kUAOIYA4,2026/02,Pro,1,,,
a03RB00001Nswd5YAB,九州旅客鉄道株式会社 博多設備区_2026/01,a04RB00000kUAOIYA4,2026/01,Pro,1,,,
a03RB00001Nswd4YAB,九州旅客鉄道株式会社 博多設備区_2025/12,a04RB00000kUAOIYA4,2025/12,Pro,1,,,
a03RB00001Nswd3YAB,九州旅客鉄道株式会社 博多設備区_2025/11,a04RB00000kUAOIYA4,2025/11,Pro,1,,,
a03RB00001Nswd2YAB,九州旅客鉄道株式会社 博多設備区_2025/10,a04RB00000kUAOIYA4,2025/10,Pro,1,,,
a03RB00001Nswd1YAB,九州旅客鉄道株式会社 博多設備区_2025/09,a04RB00000kUAOIYA4,2025/09,Pro,1,,,
a03RB00001Nswd0YAB,九州旅客鉄道株式会社 博多設備区_2025/08,a04RB00000kUAOIYA4,2025/08,Pro,1,,,
a03RB00001NswczYAB,九州旅客鉄道株式会社 博多設備区_2025/07,a04RB00000kUAOIYA4,2025/07,Pro,1,,,
a03RB00001NswcyYAB,九州旅客鉄道株式会社 博多設備区_2025/06,a04RB00000kUAOIYA4,2025/06,Pro,1,,,
a03RB00001NswcxYAB,九州旅客鉄道株式会社 博多設備区_2025/05,a04RB00000kUAOIYA4,2025/05,Pro,1,,,
a03RB00001STmH6YAL,アイリスオーヤマ（ストアデザイン部）_2026/08,a04RB00000kUAOKYA4,2026/08,EN,4,44000,,
a03RB00001RcABaYAN,アイリスオーヤマ（ストアデザイン部）_2026/07,a04RB00000kUAOKYA4,2026/07,EN,4,44000,,
a03RB00001RIREyYAP,アイリスオーヤマ（ストアデザイン部）_2026/06,a04RB00000kUAOKYA4,2026/06,EN,4,44000,,
a03RB00001NswdXYAR,アイリスオーヤマ（ストアデザイン部）_2026/05,a04RB00000kUAOKYA4,2026/05,EN,4,,,
a03RB00001NswdWYAR,アイリスオーヤマ（ストアデザイン部）_2026/04,a04RB00000kUAOKYA4,2026/04,EN,4,,,
a03RB00001NswdVYAR,アイリスオーヤマ（ストアデザイン部）_2026/03,a04RB00000kUAOKYA4,2026/03,EN,4,,,
a03RB00001NswdUYAR,アイリスオーヤマ（ストアデザイン部）_2026/02,a04RB00000kUAOKYA4,2026/02,EN,4,,,
a03RB00001NswdTYAR,アイリスオーヤマ（ストアデザイン部）_2026/01,a04RB00000kUAOKYA4,2026/01,EN,4,,,
a03RB00001NswdSYAR,アイリスオーヤマ（ストアデザイン部）_2025/12,a04RB00000kUAOKYA4,2025/12,EN,4,,,
a03RB00001NswdRYAR,アイリスオーヤマ（ストアデザイン部）_2025/11,a04RB00000kUAOKYA4,2025/11,EN,4,,,
a03RB00001NswdQYAR,アイリスオーヤマ（ストアデザイン部）_2025/10,a04RB00000kUAOKYA4,2025/10,EN,4,,,
a03RB00001NswdPYAR,アイリスオーヤマ（ストアデザイン部）_2025/09,a04RB00000kUAOKYA4,2025/09,EN,4,,,
a03RB00001NswdOYAR,アイリスオーヤマ（ストアデザイン部）_2025/08,a04RB00000kUAOKYA4,2025/08,EN,4,,,
a03RB00001NswdNYAR,アイリスオーヤマ（ストアデザイン部）_2025/07,a04RB00000kUAOKYA4,2025/07,EN,4,,,
a03RB00001NswdMYAR,アイリスオーヤマ（ストアデザイン部）_2025/06,a04RB00000kUAOKYA4,2025/06,EN,4,,,
a03RB00001STmH7YAL,アイリスオーヤマ（空間デザイン部）_2026/08,a04RB00000kUAOLYA4,2026/08,EN,1,11000,,
a03RB00001RcABbYAN,アイリスオーヤマ（空間デザイン部）_2026/07,a04RB00000kUAOLYA4,2026/07,EN,1,11000,,
a03RB00001RIREzYAP,アイリスオーヤマ（空間デザイン部）_2026/06,a04RB00000kUAOLYA4,2026/06,EN,1,11000,,
a03RB00001NswdjYAB,アイリスオーヤマ（空間デザイン部）_2026/05,a04RB00000kUAOLYA4,2026/05,EN,1,,,
a03RB00001NswdiYAB,アイリスオーヤマ（空間デザイン部）_2026/04,a04RB00000kUAOLYA4,2026/04,EN,1,,,
a03RB00001NswdhYAB,アイリスオーヤマ（空間デザイン部）_2026/03,a04RB00000kUAOLYA4,2026/03,EN,1,,,
a03RB00001NswdgYAB,アイリスオーヤマ（空間デザイン部）_2026/02,a04RB00000kUAOLYA4,2026/02,EN,1,,,
a03RB00001NswdfYAB,アイリスオーヤマ（空間デザイン部）_2026/01,a04RB00000kUAOLYA4,2026/01,EN,1,,,
a03RB00001NswdeYAB,アイリスオーヤマ（空間デザイン部）_2025/12,a04RB00000kUAOLYA4,2025/12,EN,1,,,
a03RB00001NswddYAB,アイリスオーヤマ（空間デザイン部）_2025/11,a04RB00000kUAOLYA4,2025/11,EN,1,,,
a03RB00001NswdcYAB,アイリスオーヤマ（空間デザイン部）_2025/10,a04RB00000kUAOLYA4,2025/10,EN,1,,,
a03RB00001NswdbYAB,アイリスオーヤマ（空間デザイン部）_2025/09,a04RB00000kUAOLYA4,2025/09,EN,1,,,
a03RB00001NswdaYAB,アイリスオーヤマ（空間デザイン部）_2025/08,a04RB00000kUAOLYA4,2025/08,EN,1,,,
a03RB00001NswdZYAR,アイリスオーヤマ（空間デザイン部）_2025/07,a04RB00000kUAOLYA4,2025/07,EN,1,,,
a03RB00001NswdYYAR,アイリスオーヤマ（空間デザイン部）_2025/06,a04RB00000kUAOLYA4,2025/06,EN,1,,,
a03RB00001STmH8YAL,九州旅客鉄道株式会社　開発工事部_2026/08,a04RB00000kUAONYA4,2026/08,Pro,1,8000,,
a03RB00001RcABcYAN,九州旅客鉄道株式会社　開発工事部_2026/07,a04RB00000kUAONYA4,2026/07,Pro,1,8000,,
a03RB00001RIRF0YAP,九州旅客鉄道株式会社　開発工事部_2026/06,a04RB00000kUAONYA4,2026/06,Pro,1,8000,,
a03RB00001Nswe1YAB,九州旅客鉄道株式会社 開発工事部_2026/05,a04RB00000kUAONYA4,2026/05,Pro,1,,,
a03RB00001Nswe0YAB,九州旅客鉄道株式会社 開発工事部_2026/04,a04RB00000kUAONYA4,2026/04,Pro,1,,,
a03RB00001NswdzYAB,九州旅客鉄道株式会社 開発工事部_2026/03,a04RB00000kUAONYA4,2026/03,Pro,1,,,
a03RB00001NswdyYAB,九州旅客鉄道株式会社 開発工事部_2026/02,a04RB00000kUAONYA4,2026/02,Pro,1,,,
a03RB00001NswdxYAB,九州旅客鉄道株式会社 開発工事部_2026/01,a04RB00000kUAONYA4,2026/01,Pro,1,,,
a03RB00001NswdwYAB,九州旅客鉄道株式会社 開発工事部_2025/12,a04RB00000kUAONYA4,2025/12,Pro,1,,,
a03RB00001NswdvYAB,九州旅客鉄道株式会社 開発工事部_2025/11,a04RB00000kUAONYA4,2025/11,Pro,1,,,
a03RB00001NswduYAB,九州旅客鉄道株式会社 開発工事部_2025/10,a04RB00000kUAONYA4,2025/10,Pro,1,,,
a03RB00001NswdtYAB,九州旅客鉄道株式会社 開発工事部_2025/09,a04RB00000kUAONYA4,2025/09,Pro,1,,,
a03RB00001NswdsYAB,九州旅客鉄道株式会社 開発工事部_2025/08,a04RB00000kUAONYA4,2025/08,Pro,1,,,
a03RB00001NswdrYAB,九州旅客鉄道株式会社 開発工事部_2025/07,a04RB00000kUAONYA4,2025/07,Pro,1,,,
a03RB00001NswdqYAB,九州旅客鉄道株式会社 開発工事部_2025/06,a04RB00000kUAONYA4,2025/06,Pro,1,,,
a03RB00001NsweMYAR,株式会社JR東日本建築設計_2027/03,a04RB00000kUAOOYA4,2027/03,Pro,1,,,
a03RB00001NsweLYAR,株式会社JR東日本建築設計_2027/02,a04RB00000kUAOOYA4,2027/02,Pro,1,,,
a03RB00001NsweKYAR,株式会社JR東日本建築設計_2027/01,a04RB00000kUAOOYA4,2027/01,Pro,1,,,
a03RB00001NsweJYAR,株式会社JR東日本建築設計_2026/12,a04RB00000kUAOOYA4,2026/12,Pro,1,,,
a03RB00001NsweIYAR,株式会社JR東日本建築設計_2026/11,a04RB00000kUAOOYA4,2026/11,Pro,1,,,
a03RB00001NsweHYAR,株式会社JR東日本建築設計_2026/10,a04RB00000kUAOOYA4,2026/10,Pro,1,,,
a03RB00001NsweGYAR,株式会社JR東日本建築設計_2026/09,a04RB00000kUAOOYA4,2026/09,Pro,1,,,
a03RB00001NsweFYAR,株式会社JR東日本建築設計_2026/08,a04RB00000kUAOOYA4,2026/08,Pro,1,,,
a03RB00001NsweEYAR,株式会社JR東日本建築設計_2026/07,a04RB00000kUAOOYA4,2026/07,Pro,1,,,
a03RB00001NsweDYAR,株式会社JR東日本建築設計_2026/06,a04RB00000kUAOOYA4,2026/06,Pro,1,,,
a03RB00001NsweCYAR,株式会社JR東日本建築設計_2026/05,a04RB00000kUAOOYA4,2026/05,Pro,1,,,
a03RB00001NsweBYAR,株式会社JR東日本建築設計_2026/04,a04RB00000kUAOOYA4,2026/04,Pro,1,,,
a03RB00001NsweAYAR,株式会社JR東日本建築設計_2026/03,a04RB00000kUAOOYA4,2026/03,Pro,1,,,
a03RB00001Nswe9YAB,株式会社JR東日本建築設計_2026/02,a04RB00000kUAOOYA4,2026/02,Pro,1,,,
a03RB00001Nswe8YAB,株式会社JR東日本建築設計_2026/01,a04RB00000kUAOOYA4,2026/01,Pro,1,,,
a03RB00001Nswe7YAB,株式会社JR東日本建築設計_2025/12,a04RB00000kUAOOYA4,2025/12,Pro,1,,,
a03RB00001Nswe6YAB,株式会社JR東日本建築設計_2025/11,a04RB00000kUAOOYA4,2025/11,Pro,1,,,
a03RB00001Nswe5YAB,株式会社JR東日本建築設計_2025/10,a04RB00000kUAOOYA4,2025/10,Pro,1,,,
a03RB00001Nswe4YAB,株式会社JR東日本建築設計_2025/09,a04RB00000kUAOOYA4,2025/09,Pro,1,,,
a03RB00001Nswe3YAB,株式会社JR東日本建築設計_2025/08,a04RB00000kUAOOYA4,2025/08,Pro,1,,,
a03RB00001Nswe2YAB,株式会社JR東日本建築設計_2025/07,a04RB00000kUAOOYA4,2025/07,Pro,1,,,
a03RB00001STmHDYA1,三菱地所株式会社(DX推進部)_2026/08,a04RB00000kUAOVYA4,2026/08,Pro,2,16000,,
a03RB00001RcABnYAN,三菱地所株式会社(DX推進部)_2026/07,a04RB00000kUAOVYA4,2026/07,Pro,2,16000,,
a03RB00001RIRF8YAP,三菱地所株式会社(DX推進部)_2026/06,a04RB00000kUAOVYA4,2026/06,Pro,2,16000,,
a03RB00001Nswf7YAB,三菱地所株式会社(DX推進部)_2026/05,a04RB00000kUAOVYA4,2026/05,Pro,2,,,
a03RB00001Nswf6YAB,三菱地所株式会社(DX推進部)_2026/04,a04RB00000kUAOVYA4,2026/04,Pro,2,,,
a03RB00001Nswf5YAB,三菱地所株式会社(DX推進部)_2026/03,a04RB00000kUAOVYA4,2026/03,Pro,2,,,
a03RB00001Nswf4YAB,三菱地所株式会社(DX推進部)_2026/02,a04RB00000kUAOVYA4,2026/02,Pro,2,,,
a03RB00001Nswf3YAB,三菱地所株式会社(DX推進部)_2026/01,a04RB00000kUAOVYA4,2026/01,Pro,2,,,
a03RB00001Nswf2YAB,三菱地所株式会社(DX推進部)_2025/12,a04RB00000kUAOVYA4,2025/12,Pro,2,,,
a03RB00001Nswf1YAB,三菱地所株式会社(DX推進部)_2025/11,a04RB00000kUAOVYA4,2025/11,Pro,2,,,
a03RB00001Nswf0YAB,三菱地所株式会社(DX推進部)_2025/10,a04RB00000kUAOVYA4,2025/10,Pro,2,,,
a03RB00001NswfVYAR,株式会社コスモスイニシア 建築本部_2027/03,a04RB00000kUAOXYA4,2027/03,EN,7,,,
a03RB00001NswfUYAR,株式会社コスモスイニシア 建築本部_2027/02,a04RB00000kUAOXYA4,2027/02,EN,7,,,
a03RB00001NswfTYAR,株式会社コスモスイニシア 建築本部_2027/01,a04RB00000kUAOXYA4,2027/01,EN,7,,,
a03RB00001NswfSYAR,株式会社コスモスイニシア 建築本部_2026/12,a04RB00000kUAOXYA4,2026/12,EN,7,,,
a03RB00001NswfRYAR,株式会社コスモスイニシア 建築本部_2026/11,a04RB00000kUAOXYA4,2026/11,EN,7,,,
a03RB00001NswfQYAR,株式会社コスモスイニシア 建築本部_2026/10,a04RB00000kUAOXYA4,2026/10,EN,7,,,
a03RB00001NswfPYAR,株式会社コスモスイニシア 建築本部_2026/09,a04RB00000kUAOXYA4,2026/09,EN,7,,,
a03RB00001NswfOYAR,株式会社コスモスイニシア 建築本部_2026/08,a04RB00000kUAOXYA4,2026/08,EN,7,,,
a03RB00001NswfNYAR,株式会社コスモスイニシア 建築本部_2026/07,a04RB00000kUAOXYA4,2026/07,EN,7,,,
a03RB00001NswfMYAR,株式会社コスモスイニシア 建築本部_2026/06,a04RB00000kUAOXYA4,2026/06,EN,7,,,
a03RB00001NswfLYAR,株式会社コスモスイニシア 建築本部_2026/05,a04RB00000kUAOXYA4,2026/05,EN,7,,,
a03RB00001NswfKYAR,株式会社コスモスイニシア 建築本部_2026/04,a04RB00000kUAOXYA4,2026/04,EN,7,,,
a03RB00001NswfJYAR,株式会社コスモスイニシア 建築本部_2026/03,a04RB00000kUAOXYA4,2026/03,EN,7,,,
a03RB00001NswfIYAR,株式会社コスモスイニシア 建築本部_2026/02,a04RB00000kUAOXYA4,2026/02,EN,7,,,
a03RB00001NswfHYAR,株式会社コスモスイニシア 建築本部_2026/01,a04RB00000kUAOXYA4,2026/01,EN,7,,,
a03RB00001NswfGYAR,株式会社コスモスイニシア 建築本部_2025/12,a04RB00000kUAOXYA4,2025/12,EN,7,,,
a03RB00001NswfFYAR,株式会社コスモスイニシア 建築本部_2025/11,a04RB00000kUAOXYA4,2025/11,EN,7,,,
a03RB00001NswfEYAR,株式会社コスモスイニシア 建築本部_2025/10,a04RB00000kUAOXYA4,2025/10,EN,7,,,
a03RB00001NswfhYAB,株式会社コスモスイニシア 建築本部(セキュリティオプション年払い）_2027/03,a04RB00000kUAOYYA4,2027/03,EN,1,,,
a03RB00001NswfgYAB,株式会社コスモスイニシア 建築本部(セキュリティオプション年払い）_2027/02,a04RB00000kUAOYYA4,2027/02,EN,1,,,
a03RB00001NswffYAB,株式会社コスモスイニシア 建築本部(セキュリティオプション年払い）_2027/01,a04RB00000kUAOYYA4,2027/01,EN,1,,,
a03RB00001NswfeYAB,株式会社コスモスイニシア 建築本部(セキュリティオプション年払い）_2026/12,a04RB00000kUAOYYA4,2026/12,EN,1,,,
a03RB00001NswfdYAB,株式会社コスモスイニシア 建築本部(セキュリティオプション年払い）_2026/11,a04RB00000kUAOYYA4,2026/11,EN,1,,,
a03RB00001NswfcYAB,株式会社コスモスイニシア 建築本部(セキュリティオプション年払い）_2026/10,a04RB00000kUAOYYA4,2026/10,EN,1,,,
a03RB00001NswfbYAB,株式会社コスモスイニシア 建築本部(セキュリティオプション年払い）_2026/09,a04RB00000kUAOYYA4,2026/09,EN,1,,,
a03RB00001NswfaYAB,株式会社コスモスイニシア 建築本部(セキュリティオプション年払い）_2026/08,a04RB00000kUAOYYA4,2026/08,EN,1,,,
a03RB00001NswfZYAR,株式会社コスモスイニシア 建築本部(セキュリティオプション年払い）_2026/07,a04RB00000kUAOYYA4,2026/07,EN,1,,,
a03RB00001NswfYYAR,株式会社コスモスイニシア 建築本部(セキュリティオプション年払い）_2026/06,a04RB00000kUAOYYA4,2026/06,EN,1,,,
a03RB00001NswfXYAR,株式会社コスモスイニシア 建築本部(セキュリティオプション年払い）_2026/05,a04RB00000kUAOYYA4,2026/05,EN,1,,,
a03RB00001NswfWYAR,株式会社コスモスイニシア 建築本部(セキュリティオプション年払い）_2026/04,a04RB00000kUAOYYA4,2026/04,EN,1,,,
a03RB00001NswfzYAB,株式会社コスモスイニシア 事業本部（流通事業）_2027/03,a04RB00000kUAOZYA4,2027/03,EN,3,,,
a03RB00001NswfyYAB,株式会社コスモスイニシア 事業本部（流通事業）_2027/02,a04RB00000kUAOZYA4,2027/02,EN,3,,,
a03RB00001NswfxYAB,株式会社コスモスイニシア 事業本部（流通事業）_2027/01,a04RB00000kUAOZYA4,2027/01,EN,3,,,
a03RB00001NswfwYAB,株式会社コスモスイニシア 事業本部（流通事業）_2026/12,a04RB00000kUAOZYA4,2026/12,EN,3,,,
a03RB00001NswfvYAB,株式会社コスモスイニシア 事業本部（流通事業）_2026/11,a04RB00000kUAOZYA4,2026/11,EN,3,,,
a03RB00001NswfuYAB,株式会社コスモスイニシア 事業本部（流通事業）_2026/10,a04RB00000kUAOZYA4,2026/10,EN,3,,,
a03RB00001NswftYAB,株式会社コスモスイニシア 事業本部（流通事業）_2026/09,a04RB00000kUAOZYA4,2026/09,EN,3,,,
a03RB00001NswfsYAB,株式会社コスモスイニシア 事業本部（流通事業）_2026/08,a04RB00000kUAOZYA4,2026/08,EN,3,,,
a03RB00001NswfrYAB,株式会社コスモスイニシア 事業本部（流通事業）_2026/07,a04RB00000kUAOZYA4,2026/07,EN,3,,,
a03RB00001NswfqYAB,株式会社コスモスイニシア 事業本部（流通事業）_2026/06,a04RB00000kUAOZYA4,2026/06,EN,3,,,
a03RB00001NswfpYAB,株式会社コスモスイニシア 事業本部（流通事業）_2026/05,a04RB00000kUAOZYA4,2026/05,EN,3,,,
a03RB00001NswfoYAB,株式会社コスモスイニシア 事業本部（流通事業）_2026/04,a04RB00000kUAOZYA4,2026/04,EN,3,,,
a03RB00001NswfnYAB,株式会社コスモスイニシア 事業本部（流通事業）_2026/03,a04RB00000kUAOZYA4,2026/03,EN,3,,,
a03RB00001NswfmYAB,株式会社コスモスイニシア 事業本部（流通事業）_2026/02,a04RB00000kUAOZYA4,2026/02,EN,3,,,
a03RB00001NswflYAB,株式会社コスモスイニシア 事業本部（流通事業）_2026/01,a04RB00000kUAOZYA4,2026/01,EN,3,,,
a03RB00001NswfkYAB,株式会社コスモスイニシア 事業本部（流通事業）_2025/12,a04RB00000kUAOZYA4,2025/12,EN,3,,,
a03RB00001NswfjYAB,株式会社コスモスイニシア 事業本部（流通事業）_2025/11,a04RB00000kUAOZYA4,2025/11,EN,3,,,
a03RB00001NswfiYAB,株式会社コスモスイニシア 事業本部（流通事業）_2025/10,a04RB00000kUAOZYA4,2025/10,EN,3,,,
a03RB00001NswgBYAR,株式会社コスモスイニシア 流通事業部(セキュリティオプション年払い）_2027/03,a04RB00000kUAOaYAO,2027/03,EN,1,,,
a03RB00001NswgAYAR,株式会社コスモスイニシア 流通事業部(セキュリティオプション年払い）_2027/02,a04RB00000kUAOaYAO,2027/02,EN,1,,,
a03RB00001Nswg9YAB,株式会社コスモスイニシア 流通事業部(セキュリティオプション年払い）_2027/01,a04RB00000kUAOaYAO,2027/01,EN,1,,,
a03RB00001Nswg8YAB,株式会社コスモスイニシア 流通事業部(セキュリティオプション年払い）_2026/12,a04RB00000kUAOaYAO,2026/12,EN,1,,,
a03RB00001Nswg7YAB,株式会社コスモスイニシア 流通事業部(セキュリティオプション年払い）_2026/11,a04RB00000kUAOaYAO,2026/11,EN,1,,,
a03RB00001Nswg6YAB,株式会社コスモスイニシア 流通事業部(セキュリティオプション年払い）_2026/10,a04RB00000kUAOaYAO,2026/10,EN,1,,,
a03RB00001Nswg5YAB,株式会社コスモスイニシア 流通事業部(セキュリティオプション年払い）_2026/09,a04RB00000kUAOaYAO,2026/09,EN,1,,,
a03RB00001Nswg4YAB,株式会社コスモスイニシア 流通事業部(セキュリティオプション年払い）_2026/08,a04RB00000kUAOaYAO,2026/08,EN,1,,,
a03RB00001Nswg3YAB,株式会社コスモスイニシア 流通事業部(セキュリティオプション年払い）_2026/07,a04RB00000kUAOaYAO,2026/07,EN,1,,,
a03RB00001Nswg2YAB,株式会社コスモスイニシア 流通事業部(セキュリティオプション年払い）_2026/06,a04RB00000kUAOaYAO,2026/06,EN,1,,,
a03RB00001Nswg1YAB,株式会社コスモスイニシア 流通事業部(セキュリティオプション年払い）_2026/05,a04RB00000kUAOaYAO,2026/05,EN,1,,,
a03RB00001Nswg0YAB,株式会社コスモスイニシア 流通事業部(セキュリティオプション年払い）_2026/04,a04RB00000kUAOaYAO,2026/04,EN,1,,,
a03RB00001STmHEYA1,生和コーポレーション株式会社_2026/08,a04RB00000kUAOdYAO,2026/08,Pro,1,8000,,
a03RB00001RcABoYAN,生和コーポレーション株式会社_2026/07,a04RB00000kUAOdYAO,2026/07,Pro,1,8000,,
a03RB00001RIRF9YAP,生和コーポレーション株式会社_2026/06,a04RB00000kUAOdYAO,2026/06,Pro,1,8000,,
a03RB00001NswgXYAR,生和コーポレーション株式会社_2026/04,a04RB00000kUAOdYAO,2026/04,Pro,1,,,
a03RB00001NswgWYAR,生和コーポレーション株式会社_2026/03,a04RB00000kUAOdYAO,2026/03,Pro,1,,,
a03RB00001NswgVYAR,生和コーポレーション株式会社_2026/02,a04RB00000kUAOdYAO,2026/02,Pro,1,,,
a03RB00001NswgUYAR,生和コーポレーション株式会社_2026/01,a04RB00000kUAOdYAO,2026/01,Pro,1,,,
a03RB00001NswgTYAR,生和コーポレーション株式会社_2025/12,a04RB00000kUAOdYAO,2025/12,Pro,1,,,
a03RB00001NswgSYAR,生和コーポレーション株式会社_2025/11,a04RB00000kUAOdYAO,2025/11,Pro,1,,,
a03RB00001Nswh4YAB,大東建託株式会社 商品開発部_2026/12,a04RB00000kUAOiYAO,2026/12,Pro,3,,,
a03RB00001Nswh3YAB,大東建託株式会社 商品開発部_2026/11,a04RB00000kUAOiYAO,2026/11,Pro,3,,,
a03RB00001Nswh2YAB,大東建託株式会社 商品開発部_2026/10,a04RB00000kUAOiYAO,2026/10,Pro,3,,,
a03RB00001Nswh1YAB,大東建託株式会社 商品開発部_2026/09,a04RB00000kUAOiYAO,2026/09,Pro,3,,,
a03RB00001Nswh0YAB,大東建託株式会社 商品開発部_2026/08,a04RB00000kUAOiYAO,2026/08,Pro,3,,,
a03RB00001NswgzYAB,大東建託株式会社 商品開発部_2026/07,a04RB00000kUAOiYAO,2026/07,Pro,3,,,
a03RB00001NswgyYAB,大東建託株式会社 商品開発部_2026/06,a04RB00000kUAOiYAO,2026/06,Pro,3,,,
a03RB00001NswgxYAB,大東建託株式会社 商品開発部_2026/05,a04RB00000kUAOiYAO,2026/05,Pro,3,,,
a03RB00001NswgwYAB,大東建託株式会社 商品開発部_2026/04,a04RB00000kUAOiYAO,2026/04,Pro,3,,,
a03RB00001NswgvYAB,大東建託株式会社 商品開発部_2026/03,a04RB00000kUAOiYAO,2026/03,Pro,3,,,
a03RB00001NswguYAB,大東建託株式会社 商品開発部_2026/02,a04RB00000kUAOiYAO,2026/02,Pro,3,,,
a03RB00001NswgtYAB,大東建託株式会社 商品開発部_2026/01,a04RB00000kUAOiYAO,2026/01,Pro,,,,
a03RB00001NswhhYAB,株式会社フジタ（調達本部 インテリア・ソリューション統括部 インテリア部）_2027/03,a04RB00000kUAOlYAO,2027/03,EN,5,,,
a03RB00001NswhgYAB,株式会社フジタ（調達本部 インテリア・ソリューション統括部 インテリア部）_2027/02,a04RB00000kUAOlYAO,2027/02,EN,5,,,
a03RB00001NswhfYAB,株式会社フジタ（調達本部 インテリア・ソリューション統括部 インテリア部）_2027/01,a04RB00000kUAOlYAO,2027/01,EN,5,,,
a03RB00001NswheYAB,株式会社フジタ（調達本部 インテリア・ソリューション統括部 インテリア部）_2026/12,a04RB00000kUAOlYAO,2026/12,EN,5,,,
a03RB00001NswhdYAB,株式会社フジタ（調達本部 インテリア・ソリューション統括部 インテリア部）_2026/11,a04RB00000kUAOlYAO,2026/11,EN,5,,,
a03RB00001NswhcYAB,株式会社フジタ（調達本部 インテリア・ソリューション統括部 インテリア部）_2026/10,a04RB00000kUAOlYAO,2026/10,EN,5,,,
a03RB00001NswhbYAB,株式会社フジタ（調達本部 インテリア・ソリューション統括部 インテリア部）_2026/09,a04RB00000kUAOlYAO,2026/09,EN,5,,,
a03RB00001NswhaYAB,株式会社フジタ（調達本部 インテリア・ソリューション統括部 インテリア部）_2026/08,a04RB00000kUAOlYAO,2026/08,EN,5,,,
a03RB00001NswhZYAR,株式会社フジタ（調達本部 インテリア・ソリューション統括部 インテリア部）_2026/07,a04RB00000kUAOlYAO,2026/07,EN,5,,,
a03RB00001NswhYYAR,株式会社フジタ（調達本部 インテリア・ソリューション統括部 インテリア部）_2026/06,a04RB00000kUAOlYAO,2026/06,EN,5,,,
a03RB00001NswhXYAR,株式会社フジタ（調達本部 インテリア・ソリューション統括部 インテリア部）_2026/05,a04RB00000kUAOlYAO,2026/05,EN,5,,,
a03RB00001NswhWYAR,株式会社フジタ（調達本部 インテリア・ソリューション統括部 インテリア部）_2026/04,a04RB00000kUAOlYAO,2026/04,EN,5,,,
a03RB00001NswhVYAR,株式会社フジタ（調達本部 インテリア・ソリューション統括部 インテリア部）_2026/03,a04RB00000kUAOlYAO,2026/03,EN,5,,,
a03RB00001NswhUYAR,株式会社フジタ（調達本部 インテリア・ソリューション統括部 インテリア部）_2026/02,a04RB00000kUAOlYAO,2026/02,EN,5,,,
a03RB00001STmHLYA1,野村不動産株式会社_2026/08,a04RB00000kUAOvYAO,2026/08,EN,10,150000,,
a03RB00001RcAC3YAN,野村不動産株式会社_2026/07,a04RB00000kUAOvYAO,2026/07,EN,10,150000,,
a03RB00001NswinYAB,野村不動産株式会社_2026/06,a04RB00000kUAOvYAO,2026/06,EN,10,,,
a03RB00001NswimYAB,野村不動産株式会社_2026/05,a04RB00000kUAOvYAO,2026/05,EN,10,,,
a03RB00001NswilYAB,野村不動産株式会社_2026/04,a04RB00000kUAOvYAO,2026/04,EN,10,,,
a03RB00001STmHMYA1,野村不動産株式会社（シングルサインオン分）_2026/08,a04RB00000kUAOwYAO,2026/08,EN,1,30000,,
a03RB00001RcAC4YAN,野村不動産株式会社（シングルサインオン分）_2026/07,a04RB00000kUAOwYAO,2026/07,EN,1,30000,,
a03RB00001NswiqYAB,野村不動産株式会社（シングルサインオン分）_2026/06,a04RB00000kUAOwYAO,2026/06,EN,1,,,
a03RB00001NswipYAB,野村不動産株式会社（シングルサインオン分）_2026/05,a04RB00000kUAOwYAO,2026/05,EN,1,,,
a03RB00001NswioYAB,野村不動産株式会社（シングルサインオン分）_2026/04,a04RB00000kUAOwYAO,2026/04,EN,1,,,
a03RB00001STmHWYA1,近鉄不動産_2026/08,a04RB00000kUAP8YAO,2026/08,EN,12,180000,,
a03RB00001RcACCYA3,近鉄不動産_2026/07,a04RB00000kUAP8YAO,2026/07,EN,12,180000,,
a03RB00001NswjbYAB,近鉄不動産_2026/06,a04RB00000kUAP8YAO,2026/06,EN,12,,,
a03RB00001NswjaYAB,近鉄不動産_2026/05,a04RB00000kUAP8YAO,2026/05,EN,11,,,
a03RB00001NswjZYAR,近鉄不動産_2026/04,a04RB00000kUAP8YAO,2026/04,EN,11,,,
a03RB00001STmHXYA1,近鉄不動産(セキュリティオプション月額）_2026/08,a04RB00000kUAP9YAO,2026/08,EN,1,100000,,
a03RB00001RcACDYA3,近鉄不動産(セキュリティオプション月額）_2026/07,a04RB00000kUAP9YAO,2026/07,EN,1,100000,,
a03RB00001RIRFDYA5,近鉄不動産(セキュリティオプション月額）_2026/06,a04RB00000kUAP9YAO,2026/06,EN,1,100000,,
a03RB00001NswjdYAB,近鉄不動産(セキュリティオプション月額）_2026/05,a04RB00000kUAP9YAO,2026/05,EN,1,,,
a03RB00001NswjcYAB,近鉄不動産(セキュリティオプション月額）_2026/04,a04RB00000kUAP9YAO,2026/04,EN,1,,,
a03RB00001NswjtYAB,株式会社フジタ BIM推進部_2027/03,a04RB00000kUAPCYA4,2027/03,EN,3,,,
a03RB00001NswjsYAB,株式会社フジタ BIM推進部_2027/02,a04RB00000kUAPCYA4,2027/02,EN,3,,,
a03RB00001NswjrYAB,株式会社フジタ BIM推進部_2027/01,a04RB00000kUAPCYA4,2027/01,EN,3,,,
a03RB00001NswjqYAB,株式会社フジタ BIM推進部_2026/12,a04RB00000kUAPCYA4,2026/12,EN,3,,,
a03RB00001NswjpYAB,株式会社フジタ BIM推進部_2026/11,a04RB00000kUAPCYA4,2026/11,EN,3,,,
a03RB00001NswjoYAB,株式会社フジタ BIM推進部_2026/10,a04RB00000kUAPCYA4,2026/10,EN,3,,,
a03RB00001NswjnYAB,株式会社フジタ BIM推進部_2026/09,a04RB00000kUAPCYA4,2026/09,EN,3,,,
a03RB00001NswjmYAB,株式会社フジタ BIM推進部_2026/08,a04RB00000kUAPCYA4,2026/08,EN,3,,,
a03RB00001NswjlYAB,株式会社フジタ BIM推進部_2026/07,a04RB00000kUAPCYA4,2026/07,EN,3,,,
a03RB00001NswjkYAB,株式会社フジタ BIM推進部_2026/06,a04RB00000kUAPCYA4,2026/06,EN,3,,,
a03RB00001NswjjYAB,株式会社フジタ BIM推進部_2026/05,a04RB00000kUAPCYA4,2026/05,EN,3,,,
a03RB00001NswjiYAB,株式会社フジタ BIM推進部_2026/04,a04RB00000kUAPCYA4,2026/04,EN,3,,,
a03RB00001Nswk5YAB,株式会社フジタ 設計統括部_2027/03,a04RB00000kUAPDYA4,2027/03,EN,7,,,
a03RB00001Nswk4YAB,株式会社フジタ 設計統括部_2027/02,a04RB00000kUAPDYA4,2027/02,EN,7,,,
a03RB00001Nswk3YAB,株式会社フジタ 設計統括部_2027/01,a04RB00000kUAPDYA4,2027/01,EN,7,,,
a03RB00001Nswk2YAB,株式会社フジタ 設計統括部_2026/12,a04RB00000kUAPDYA4,2026/12,EN,7,,,
a03RB00001Nswk1YAB,株式会社フジタ 設計統括部_2026/11,a04RB00000kUAPDYA4,2026/11,EN,7,,,
a03RB00001Nswk0YAB,株式会社フジタ 設計統括部_2026/10,a04RB00000kUAPDYA4,2026/10,EN,7,,,
a03RB00001NswjzYAB,株式会社フジタ 設計統括部_2026/09,a04RB00000kUAPDYA4,2026/09,EN,7,,,
a03RB00001NswjyYAB,株式会社フジタ 設計統括部_2026/08,a04RB00000kUAPDYA4,2026/08,EN,7,,,
a03RB00001NswjxYAB,株式会社フジタ 設計統括部_2026/07,a04RB00000kUAPDYA4,2026/07,EN,7,,,
a03RB00001NswjwYAB,株式会社フジタ 設計統括部_2026/06,a04RB00000kUAPDYA4,2026/06,EN,7,,,
a03RB00001NswjvYAB,株式会社フジタ 設計統括部_2026/05,a04RB00000kUAPDYA4,2026/05,EN,7,,,
a03RB00001NswjuYAB,株式会社フジタ 設計統括部_2026/04,a04RB00000kUAPDYA4,2026/04,EN,7,,,
a03RB00001STmHeYAL,株式会社デザインアーク　東京本店　東京スペースソリューション第１営業所_2026/08,a04RB00000kUAPKYA4,2026/08,EN,2,30000,,
a03RB00001RcACKYA3,株式会社デザインアーク　東京本店　東京スペースソリューション第１営業所_2026/07,a04RB00000kUAPKYA4,2026/07,EN,2,30000,,
a03RB00001NswkaYAB,株式会社デザインアーク 東京本店 東京スペースソリューション第１営業所_2026/06,a04RB00000kUAPKYA4,2026/06,EN,2,,,
a03RB00001STmHfYAL,NTTファシリティーズ株式会社_2026/08,a04RB00000kUAPLYA4,2026/08,EN,10,1500000,,
a03RB00001RcACLYA3,NTTファシリティーズ株式会社_2026/07,a04RB00000kUAPLYA4,2026/07,EN,10,1500000,,
a03RB00001NswkbYAB,NTTファシリティーズ株式会社_2026/06,a04RB00000kUAPLYA4,2026/06,EN,10,,,
a03RB00001STmHgYAL,合同会社小島屋_2026/08,a04RB00000kUAPMYA4,2026/08,Pro,1,8000,,
a03RB00001RcACMYA3,合同会社小島屋_2026/07,a04RB00000kUAPMYA4,2026/07,Pro,1,8000,,
a03RB00001NswkcYAB,合同会社小島屋_2026/06,a04RB00000kUAPMYA4,2026/06,Pro,1,,,
a03RB00001NswmZYAR,株式会社西武開発_2026/07,a04RB00000kUAPZYA4,2026/07,EN,1,,,
a03RB00001NswmYYAR,株式会社西武開発_2026/06,a04RB00000kUAPZYA4,2026/06,EN,1,,,
a03RB00001NswmXYAR,株式会社西武開発_2026/05,a04RB00000kUAPZYA4,2026/05,EN,1,,,
a03RB00001NswmWYAR,株式会社西武開発_2026/04,a04RB00000kUAPZYA4,2026/04,EN,1,,,
a03RB00001NswmSYAR,株式会社西武開発_2025/01,a04RB00000kUAPZYA4,2025/01,EN,1,,,
a03RB00001NswmRYAR,株式会社西武開発_2024/12,a04RB00000kUAPZYA4,2024/12,EN,1,,,
a03RB00001STmHlYAL,株式会社ヨコハマ地所_2026/08,a04RB00000kUAPgYAO,2026/08,BA,1,11000,,
a03RB00001RcABPYA3,株式会社ヨコハマ地所_2026/07,a04RB00000kUAPgYAO,2026/07,BA,1,11000,,
a03RB00001RIREoYAP,株式会社ヨコハマ地所_2026/06,a04RB00000kUAPgYAO,2026/06,BA,1,11000,,
a03RB00001NswoFYAR,株式会社ヨコハマ地所_2026/05,a04RB00000kUAPgYAO,2026/05,BA,1,,,
a03RB00001NswoEYAR,株式会社ヨコハマ地所_2026/04,a04RB00000kUAPgYAO,2026/04,BA,1,,,
a03RB00001NswoDYAR,株式会社ヨコハマ地所_2026/03,a04RB00000kUAPgYAO,2026/03,BA,1,,,
a03RB00001NswoCYAR,株式会社ヨコハマ地所_2026/02,a04RB00000kUAPgYAO,2026/02,BA,1,,,
a03RB00001NswoBYAR,株式会社ヨコハマ地所_2026/01,a04RB00000kUAPgYAO,2026/01,BA,1,,,
a03RB00001NswoAYAR,株式会社ヨコハマ地所_2025/12,a04RB00000kUAPgYAO,2025/12,BA,1,,,
a03RB00001Nswo9YAB,株式会社ヨコハマ地所_2025/11,a04RB00000kUAPgYAO,2025/11,BA,1,,,
a03RB00001Nswo8YAB,株式会社ヨコハマ地所_2025/10,a04RB00000kUAPgYAO,2025/10,BA,1,,,
a03RB00001Nswo7YAB,株式会社ヨコハマ地所_2025/09,a04RB00000kUAPgYAO,2025/09,BA,1,,,
a03RB00001Nswo6YAB,株式会社ヨコハマ地所_2025/08,a04RB00000kUAPgYAO,2025/08,BA,1,,,
a03RB00001Nswo5YAB,株式会社ヨコハマ地所_2025/07,a04RB00000kUAPgYAO,2025/07,BA,1,,,
a03RB00001Nswo4YAB,株式会社ヨコハマ地所_2025/06,a04RB00000kUAPgYAO,2025/06,BA,1,,,
a03RB00001Nswo3YAB,株式会社ヨコハマ地所_2025/05,a04RB00000kUAPgYAO,2025/05,BA,1,,,
a03RB00001Nswo2YAB,株式会社ヨコハマ地所_2025/04,a04RB00000kUAPgYAO,2025/04,BA,1,,,
a03RB00001Nswo1YAB,株式会社ヨコハマ地所_2025/03,a04RB00000kUAPgYAO,2025/03,BA,1,,,
a03RB00001Nswo0YAB,株式会社ヨコハマ地所_2025/02,a04RB00000kUAPgYAO,2025/02,BA,1,,,
a03RB00001RcAfqYAF,野村不動産株式会社　商業事業本部_2026/07,a04RB00000lZ54zYAC,2026/07,EN,12,30000,a0CRB0000CcXZ6b2QG,Rendery セキュリティオプション(SSO)_運用費用
a03RB00001RcAfpYAF,野村不動産株式会社　商業事業本部_2026/07,a04RB00000lZ54zYAC,2026/07,EN,120,140000,a0CRB0000CcXZ6X2QW,[年払] Rendery Enterpriseプラン　※MRR計上用
a03RB00001VUaobYAD,a03RB00001VUaob,a04RB00000lZ54zYAC,2026/07,,120,140000,a0CRB0000CcXZ6Z2QW,[年払] Rendery Enterpriseプラン
