Id,Name,MasterContract__c,MasterContract__r.Status__c,ContractPeriod__c,Month__c,ProductMaster__c,RevenueAmount__c,MRR_Target__c,PeriodStartDate__c,PeriodEndDate__c,CreatedDate
a03RB00001NswVoYAJ,東急建設 ○独特の請求書式あり_2026/08,a04RB00000kUANhYAO,Activated,a0BRB00000ynb5c2AA,2026/08,,,false,2026-08-01,2026-08-31,2026-06-21T16:13:55.000+0000
a03RB00001NswYQYAZ,ジェイアール北海道エンジニアリング株式会社(大塚商会)_2026/08,a04RB00000kUANtYAO,Activated,a0BRB00000ynb5o2AA,2026/08,,,false,2026-08-01,2026-08-31,2026-06-21T16:13:55.000+0000
a03RB00001NswYoYAJ,リリカラ(大塚商会)_2026/08,a04RB00000kUANuYAO,Activated,a0BRB00000ynb5p2AA,2026/08,,,false,2026-08-01,2026-08-31,2026-06-21T16:13:55.000+0000
a03RB00001NswbDYAR,佐伯綜合建設(大塚商会)_2026/08,a04RB00000kUAO6YAO,Activated,a0BRB00000ynb612AA,2026/08,,,false,2026-08-01,2026-08-31,2026-06-21T16:13:55.000+0000
a03RB00001NsweFYAR,株式会社JR東日本建築設計_2026/08,a04RB00000kUAOOYA4,Activated,a0BRB00000ynb6J2AQ,2026/08,,,false,2026-08-01,2026-08-31,2026-06-21T16:13:56.000+0000
a03RB00001NswfOYAR,株式会社コスモスイニシア 建築本部_2026/08,a04RB00000kUAOXYA4,Activated,a0BRB00000ynb6S2AQ,2026/08,,,false,2026-08-01,2026-08-31,2026-06-21T16:13:56.000+0000
a03RB00001NswfaYAB,株式会社コスモスイニシア 建築本部(セキュリティオプション年払い）_2026/08,a04RB00000kUAOYYA4,Activated,a0BRB00000ynb6T2AQ,2026/08,,,false,2026-08-01,2026-08-31,2026-06-21T16:13:56.000+0000
a03RB00001NswfsYAB,株式会社コスモスイニシア 事業本部（流通事業）_2026/08,a04RB00000kUAOZYA4,Activated,a0BRB00000ynb6U2AQ,2026/08,,,false,2026-08-01,2026-08-31,2026-06-21T16:13:56.000+0000
a03RB00001Nswg4YAB,株式会社コスモスイニシア 流通事業部(セキュリティオプション年払い）_2026/08,a04RB00000kUAOaYAO,Activated,a0BRB00000ynb6V2AQ,2026/08,,,false,2026-08-01,2026-08-31,2026-06-21T16:13:56.000+0000
a03RB00001NswgNYAR,大塚商会（大和財宅）_2026/08,a04RB00000kUAObYAO,Activated,a0BRB00000ynb6W2AQ,2026/08,a0CRB0000CcXZ6R2QW,88000,false,2026-08-01,2026-08-31,2026-06-21T16:13:56.000+0000
a03RB00001NswgsYAB,フロンヴィルホームズ名古屋株式会社_2026/08,a04RB00000kUAOhYAO,Activated,a0BRB00000ynb6c2AA,2026/08,a0CRB0000CcXZ6Q2QW,20000,false,2026-08-01,2026-08-31,2026-06-21T16:13:56.000+0000
a03RB00001Nswh0YAB,大東建託株式会社 商品開発部_2026/08,a04RB00000kUAOiYAO,Activated,a0BRB00000ynb6d2AA,2026/08,,,false,2026-08-01,2026-08-31,2026-06-21T16:13:56.000+0000
a03RB00001NswhBYAR,三菱地所レジデンス株式会社_2026/08,a04RB00000kUAOjYAO,Activated,a0BRB00000ynb6e2AA,2026/08,,,false,2026-08-01,2026-08-31,2026-06-21T16:13:56.000+0000
a03RB00001NswhMYAR,株式会社石勝エクステリア_2026/08,a04RB00000kUAOkYAO,Activated,a0BRB00000ynb6f2AA,2026/08,,,false,2026-08-01,2026-08-31,2026-06-21T16:13:56.000+0000
a03RB00001NswhaYAB,株式会社フジタ（調達本部 インテリア・ソリューション統括部 インテリア部）_2026/08,a04RB00000kUAOlYAO,Activated,a0BRB00000ynb6g2AA,2026/08,,,false,2026-08-01,2026-08-31,2026-06-21T16:13:56.000+0000
a03RB00001NswhrYAB,ジーク株式会社_2026/08,a04RB00000kUAOnYAO,Activated,a0BRB00000ynb6i2AA,2026/08,a0CRB0000CcXZ6Z2QW,,false,2026-08-01,2026-08-31,2026-06-21T16:13:56.000+0000
a03RB00001NswiAYAR,日鉄興和不動産株式会社_2026/08,a04RB00000kUAOqYAO,Activated,a0BRB00000ynb6l2AA,2026/08,,,false,2026-08-01,2026-08-31,2026-06-21T16:13:56.000+0000
a03RB00001NswiTYAR,株式会社石勝エクステリア(シングルサインオン分）_2026/08,a04RB00000kUAOrYAO,Activated,a0BRB00000ynb6m2AA,2026/08,,,false,2026-08-01,2026-08-31,2026-06-21T16:13:56.000+0000
a03RB00001NswiwYAB,株式会社トーケン_2026/08,a04RB00000kUAOxYAO,Activated,a0BRB00000ynb6s2AA,2026/08,,,false,2026-08-01,2026-08-31,2026-06-21T16:13:56.000+0000
a03RB00001NswjGYAR,株式会社サンケイビル_2026/08,a04RB00000kUAP2YAO,Activated,a0BRB00000ynb6x2AA,2026/08,,,false,2026-08-01,2026-08-31,2026-06-21T16:13:56.000+0000
a03RB00001NswjmYAB,株式会社フジタ BIM推進部_2026/08,a04RB00000kUAPCYA4,Activated,a0BRB00000ynn532AA,2026/08,,,false,2026-08-01,2026-08-31,2026-06-21T16:13:56.000+0000
a03RB00001NswjyYAB,株式会社フジタ 設計統括部_2026/08,a04RB00000kUAPDYA4,Activated,a0BRB00000ynn542AA,2026/08,,,false,2026-08-01,2026-08-31,2026-06-21T16:13:56.000+0000
a03RB00001NswkCYAR,若築建設株式会社_2026/08,a04RB00000kUAPGYA4,Activated,a0BRB00000ynn572AA,2026/08,,,false,2026-08-01,2026-08-31,2026-06-21T16:13:56.000+0000
a03RB00001NswkQYAR,梅林建設株式会社_2026/08,a04RB00000kUAPJYA4,Activated,a0BRB00000ynn5A2AQ,2026/08,,,false,2026-08-01,2026-08-31,2026-06-21T16:13:56.000+0000
a03RB00001STmGpYAL,サンフロンティア不動産株式会社_2026/08,a04RB00000kUANdYAO,Activated,a0BRB000010uujm2AA,2026/08,a0CRB0000CcXZ6Q2QW,64000,false,2026-08-01,2026-08-31,2026-07-10T16:30:03.000+0000
a03RB00001STmGqYAL,東急株式会社_2026/08,a04RB00000kUANgYAO,Activated,a0BRB000010uujn2AA,2026/08,,11000,false,2026-08-01,2026-08-31,2026-07-10T16:30:03.000+0000
a03RB00001STmGrYAL,株式会社フロンティアコンサルティング_2026/08,a04RB00000kUANiYAO,Activated,a0BRB000010uujo2AA,2026/08,a0CRB0000CcXZ6T2QW,550000,false,2026-08-01,2026-08-31,2026-07-10T16:30:03.000+0000
a03RB00001STmGsYAL,前田工務店_2026/08,a04RB00000kUANjYAO,Activated,a0BRB000010uujp2AA,2026/08,,8000,false,2026-08-01,2026-08-31,2026-07-10T16:30:03.000+0000
a03RB00001STmGtYAL,ムゲンエステート_2026/08,a04RB00000kUANmYAO,Activated,a0BRB000010uujq2AA,2026/08,,8000,false,2026-08-01,2026-08-31,2026-07-10T16:30:03.000+0000
a03RB00001STmGuYAL,studio55_2026/08,a04RB00000kUANnYAO,Activated,a0BRB000010uujr2AA,2026/08,,,false,2026-08-01,2026-08-31,2026-07-10T16:30:03.000+0000
a03RB00001STmGvYAL,東急リゾーツ＆ステイ_2026/08,a04RB00000kUANqYAO,Activated,a0BRB000010uujs2AA,2026/08,,44000,false,2026-08-01,2026-08-31,2026-07-10T16:30:03.000+0000
a03RB00001STmGwYAL,株式会社TRIAD_2026/08,a04RB00000kUANwYAO,Activated,a0BRB000010uujv2AA,2026/08,,8000,false,2026-08-01,2026-08-31,2026-07-10T16:30:03.000+0000
a03RB00001STmGxYAL,九州旅客鉄道株式会社　工事部施設課_2026/08,a04RB00000kUANxYAO,Activated,a0BRB000010uujw2AA,2026/08,,8000,false,2026-08-01,2026-08-31,2026-07-10T16:30:03.000+0000
a03RB00001STmGyYAL,戸田建設(設計部:月額)_2026/08,a04RB00000kUAO0YAO,Activated,a0BRB000010uujx2AA,2026/08,,55000,false,2026-08-01,2026-08-31,2026-07-10T16:30:03.000+0000
a03RB00001STmGzYAL,47内装株式会社_2026/08,a04RB00000kUAO1YAO,Activated,a0BRB000010uujy2AA,2026/08,,55000,false,2026-08-01,2026-08-31,2026-07-10T16:30:03.000+0000
a03RB00001STmH0YAL,ANAスカイビルサービス株式会社　※郵送希望_2026/08,a04RB00000kUAO2YAO,Activated,a0BRB000010uujz2AA,2026/08,,16000,false,2026-08-01,2026-08-31,2026-07-10T16:30:03.000+0000
a03RB00001STmH1YAL,吉村紳　一級建築士事務所_2026/08,a04RB00000kUAO7YAO,Activated,a0BRB000010uuk02AA,2026/08,,8000,false,2026-08-01,2026-08-31,2026-07-10T16:30:03.000+0000
a03RB00001STmH2YAL,株式会社デザインアーク_2026/08,a04RB00000kUAOAYA4,Activated,a0BRB000010uuk12AA,2026/08,a0CRB0000CcXZ6V2QW,55000,false,2026-08-01,2026-08-31,2026-07-10T16:30:03.000+0000
a03RB00001STmH3YAL,株式会社アーキテクト・ディベロッパー（5月1日より帝国不動産株式会社）_2026/08,a04RB00000kUAOEYA4,Activated,a0BRB000010uuk22AA,2026/08,a0CRB0000CcXZ6Q2QW,48000,false,2026-08-01,2026-08-31,2026-07-10T16:30:03.000+0000
a03RB00001STmH4YAL,野原グループ株式会社_2026/08,a04RB00000kUAOFYA4,Activated,a0BRB000010uuk32AA,2026/08,,8000,false,2026-08-01,2026-08-31,2026-07-10T16:30:03.000+0000
a03RB00001STmH5YAL,九州旅客鉄道株式会社　博多設備区_2026/08,a04RB00000kUAOIYA4,Activated,a0BRB000010uuk42AA,2026/08,,8000,false,2026-08-01,2026-08-31,2026-07-10T16:30:03.000+0000
a03RB00001STmH6YAL,アイリスオーヤマ（ストアデザイン部）_2026/08,a04RB00000kUAOKYA4,Activated,a0BRB000010uuk52AA,2026/08,,44000,false,2026-08-01,2026-08-31,2026-07-10T16:30:03.000+0000
a03RB00001STmH7YAL,アイリスオーヤマ（空間デザイン部）_2026/08,a04RB00000kUAOLYA4,Activated,a0BRB000010uuk62AA,2026/08,,11000,false,2026-08-01,2026-08-31,2026-07-10T16:30:03.000+0000
a03RB00001STmH8YAL,九州旅客鉄道株式会社　開発工事部_2026/08,a04RB00000kUAONYA4,Activated,a0BRB000010uuk72AA,2026/08,,8000,false,2026-08-01,2026-08-31,2026-07-10T16:30:03.000+0000
a03RB00001STmH9YAL,JOA株式会社_2026/08,a04RB00000kUAORYA4,Activated,a0BRB000010uuk92AA,2026/08,,55000,false,2026-08-01,2026-08-31,2026-07-10T16:30:03.000+0000
a03RB00001STmHAYA1,三井不動産レジデンシャルリース株式会社(ソリューション推進部)_2026/08,a04RB00000kUAOTYA4,Activated,a0BRB000010uukA2AQ,2026/08,a0CRB0000CcXZ6T2QW,132000,false,2026-08-01,2026-08-31,2026-07-10T16:30:03.000+0000
a03RB00001STmHBYA1,株式会社LIXIL住宅研究所 リノベーション推進室_2026/08,a04RB00000kUAOUYA4,Activated,a0BRB000010uukB2AQ,2026/08,a0CRB0000CcXZ6d2QG,8000,false,2026-08-01,2026-08-31,2026-07-10T16:30:03.000+0000
a03RB00001STmHCYA1,株式会社LIXIL住宅研究所 リノベーション推進室_2026/08,a04RB00000kUAOUYA4,Activated,a0BRB000010uukB2AQ,2026/08,a0CRB0000CcXZ6x2QG,630000,false,2026-08-01,2026-08-31,2026-07-10T16:30:03.000+0000
a03RB00001STmHDYA1,三菱地所株式会社(DX推進部)_2026/08,a04RB00000kUAOVYA4,Activated,a0BRB000010uukC2AQ,2026/08,,16000,false,2026-08-01,2026-08-31,2026-07-10T16:30:03.000+0000
a03RB00001STmHEYA1,生和コーポレーション株式会社_2026/08,a04RB00000kUAOdYAO,Activated,a0BRB000010uukE2AQ,2026/08,,8000,false,2026-08-01,2026-08-31,2026-07-10T16:30:03.000+0000
a03RB00001STmHFYA1,株式会社三越伊勢丹プロパティデザイン_2026/08,a04RB00000kUAOfYAO,Activated,a0BRB000010uukF2AQ,2026/08,a0CRB0000CcXZ6Q2QW,48000,false,2026-08-01,2026-08-31,2026-07-10T16:30:03.000+0000
a03RB00001STmHGYA1,豊通ファシリティーズ株式会社　建築・設計部_2026/08,a04RB00000kUAOgYAO,Activated,a0BRB000010uukG2AQ,2026/08,a0CRB0000CcXZ6Q2QW,16000,false,2026-08-01,2026-08-31,2026-07-10T16:30:03.000+0000
a03RB00001STmHHYA1,株式会社アールシーコア_2026/08,a04RB00000kUAOoYAO,Activated,a0BRB000010uukJ2AQ,2026/08,,150000,false,2026-08-01,2026-08-31,2026-07-10T16:30:03.000+0000
a03RB00001STmHIYA1,株式会社錢高組_2026/08,a04RB00000kUAOpYAO,Activated,a0BRB000010uukK2AQ,2026/08,a0CRB0000CcXZ6Q2QW,24000,false,2026-08-01,2026-08-31,2026-07-10T16:30:03.000+0000
a03RB00001STmHJYA1,株式会社アールシーコア(セキュリティオプション月額）_2026/08,a04RB00000kUAOsYAO,Activated,a0BRB000010uukL2AQ,2026/08,,100000,false,2026-08-01,2026-08-31,2026-07-10T16:30:03.000+0000
a03RB00001STmHKYA1,Phantom株式会社_2026/08,a04RB00000kUAOtYAO,Activated,a0BRB000010uukM2AQ,2026/08,a0CRB0000CcXZ6Q2QW,16000,false,2026-08-01,2026-08-31,2026-07-10T16:30:03.000+0000
a03RB00001STmHLYA1,野村不動産株式会社_2026/08,a04RB00000kUAOvYAO,Activated,a0BRB000010uukN2AQ,2026/08,,150000,false,2026-08-01,2026-08-31,2026-07-10T16:30:03.000+0000
a03RB00001STmHMYA1,野村不動産株式会社（シングルサインオン分）_2026/08,a04RB00000kUAOwYAO,Activated,a0BRB000010uukO2AQ,2026/08,,30000,false,2026-08-01,2026-08-31,2026-07-10T16:30:03.000+0000
a03RB00001STmHNYA1,花菱不動産株式会社_2026/08,a04RB00000kUAOyYAO,Activated,a0BRB000010uukP2AQ,2026/08,a0CRB0000CcXZ6Q2QW,16000,false,2026-08-01,2026-08-31,2026-07-10T16:30:03.000+0000
a03RB00001STmHOYA1,コンチネンタルホーム株式会社_2026/08,a04RB00000kUAOzYAO,Expired,a0BRB000010uukQ2AQ,2026/08,a0CRB0000CcXZ6Q2QW,24000,false,2026-08-01,2026-08-31,2026-07-10T16:30:03.000+0000
a03RB00001STmHPYA1,柏井建設株式会社_2026/08,a04RB00000kUAP0YAO,Activated,a0BRB000010uukR2AQ,2026/08,a0CRB0000CcXZ6V2QW,75000,false,2026-08-01,2026-08-31,2026-07-10T16:30:03.000+0000
a03RB00001STmHQYA1,株式会社紀伊國屋書店_2026/08,a04RB00000kUAP1YAO,Activated,a0BRB000010uukS2AQ,2026/08,,40000,false,2026-08-01,2026-08-31,2026-07-10T16:30:03.000+0000
a03RB00001STmHRYA1,三井住友建設株式会社_2026/08,a04RB00000kUAP3YAO,Activated,a0BRB000010uukT2AQ,2026/08,a0CRB0000CcXZ6Q2QW,8000,false,2026-08-01,2026-08-31,2026-07-10T16:30:03.000+0000
a03RB00001STmHSYA1,Asplead株式会社_2026/08,a04RB00000kUAP4YAO,Activated,a0BRB000010uukU2AQ,2026/08,a0CRB0000CcXZ6Q2QW,16000,false,2026-08-01,2026-08-31,2026-07-10T16:30:03.000+0000
a03RB00001STmHTYA1,スタイルテック総合計画_2026/08,a04RB00000kUAP5YAO,Activated,a0BRB000010uukV2AQ,2026/08,a0CRB0000CcXZ6V2QW,75000,false,2026-08-01,2026-08-31,2026-07-10T16:30:03.000+0000
a03RB00001STmHUYA1,株式会社ecoaハウス_2026/08,a04RB00000kUAP6YAO,Activated,a0BRB000010uukW2AQ,2026/08,a0CRB0000CcXZ6V2QW,75000,false,2026-08-01,2026-08-31,2026-07-10T16:30:03.000+0000
a03RB00001STmHVYA1,株式会社ドムコス_2026/08,a04RB00000kUAP7YAO,Activated,a0BRB000010uukX2AQ,2026/08,a0CRB0000CcXZ6Q2QW,8000,false,2026-08-01,2026-08-31,2026-07-10T16:30:03.000+0000
a03RB00001STmHWYA1,近鉄不動産_2026/08,a04RB00000kUAP8YAO,Activated,a0BRB000010uukY2AQ,2026/08,,180000,false,2026-08-01,2026-08-31,2026-07-10T16:30:03.000+0000
a03RB00001STmHXYA1,近鉄不動産(セキュリティオプション月額）_2026/08,a04RB00000kUAP9YAO,Activated,a0BRB000010uukZ2AQ,2026/08,,100000,false,2026-08-01,2026-08-31,2026-07-10T16:30:03.000+0000
a03RB00001STmHYYA1,フィールド・デザイン・アーキテクツ一級建築士事務所_2026/08,a04RB00000kUAPAYA4,Activated,a0BRB000010uuka2AA,2026/08,a0CRB0000CcXZ6Q2QW,8000,false,2026-08-01,2026-08-31,2026-07-10T16:30:03.000+0000
a03RB00001STmHZYA1,株式会社ルミネ_2026/08,a04RB00000kUAPBYA4,Activated,a0BRB000010uukb2AA,2026/08,,8000,false,2026-08-01,2026-08-31,2026-07-10T16:30:03.000+0000
a03RB00001STmHaYAL,株式会社安井建築設計事務所_2026/08,a04RB00000kUAPEYA4,Activated,a0BRB000010uukc2AA,2026/08,a0CRB0000CcXZ6Q2QW,8000,false,2026-08-01,2026-08-31,2026-07-10T16:30:03.000+0000
a03RB00001STmHbYAL,株式会社ジョイフル本田（Pro１アカウント）_2026/08,a04RB00000kUAPFYA4,Activated,a0BRB000010uukd2AA,2026/08,,8000,false,2026-08-01,2026-08-31,2026-07-10T16:30:03.000+0000
a03RB00001STmHcYAL,西日本旅客鉄道株式会社 ビジネスデザイン部　JCLaaS事業部_2026/08,a04RB00000kUAPHYA4,Activated,a0BRB000010uuke2AA,2026/08,,8000,false,2026-08-01,2026-08-31,2026-07-10T16:30:03.000+0000
a03RB00001STmHdYAL,株式会社乃村工藝社  カルチャー・コミュニケーション推進本部_2026/08,a04RB00000kUAPIYA4,Activated,a0BRB000010uukf2AA,2026/08,,32000,false,2026-08-01,2026-08-31,2026-07-10T16:30:03.000+0000
a03RB00001STmHeYAL,株式会社デザインアーク　東京本店　東京スペースソリューション第１営業所_2026/08,a04RB00000kUAPKYA4,Activated,a0BRB000010uukg2AA,2026/08,,30000,false,2026-08-01,2026-08-31,2026-07-10T16:30:03.000+0000
a03RB00001STmHfYAL,NTTファシリティーズ株式会社_2026/08,a04RB00000kUAPLYA4,Activated,a0BRB000010uukh2AA,2026/08,,1500000,false,2026-08-01,2026-08-31,2026-07-10T16:30:03.000+0000
a03RB00001STmHgYAL,合同会社小島屋_2026/08,a04RB00000kUAPMYA4,Activated,a0BRB000010uuki2AA,2026/08,,8000,false,2026-08-01,2026-08-31,2026-07-10T16:30:03.000+0000
a03RB00001STmHhYAL,ハウスプラザ_2026/08,a04RB00000kUAPVYA4,Activated,a0BRB000010uukj2AA,2026/08,,11000,false,2026-08-01,2026-08-31,2026-07-10T16:30:03.000+0000
a03RB00001STmHiYAL,株式会社イーグランド_2026/08,a04RB00000kUAPXYA4,Activated,a0BRB000010uukk2AA,2026/08,,11000,false,2026-08-01,2026-08-31,2026-07-10T16:30:03.000+0000
a03RB00001STmHjYAL,株式会社穂積住宅_2026/08,a04RB00000kUAPbYAO,Activated,a0BRB000010uukl2AA,2026/08,,33000,false,2026-08-01,2026-08-31,2026-07-10T16:30:03.000+0000
a03RB00001STmHkYAL,リアルティホールディングス株式会社_2026/08,a04RB00000kUAPdYAO,解約,a0BRB000010uukm2AA,2026/08,,159500,false,2026-08-01,2026-08-31,2026-07-10T16:30:03.000+0000
a03RB00001STmHlYAL,株式会社ヨコハマ地所_2026/08,a04RB00000kUAPgYAO,Activated,a0BRB000010uukn2AA,2026/08,,11000,false,2026-08-01,2026-08-31,2026-07-10T16:30:03.000+0000
a03RB00001STmHmYAL,株式会社エージェント_2026/08,a04RB00000kUAPjYAO,Activated,a0BRB000010uuko2AA,2026/08,,11000,false,2026-08-01,2026-08-31,2026-07-10T16:30:03.000+0000
a03RB00001STmHnYAL,株式会社博進コスモプラザ_2026/08,a04RB00000kUAPlYAO,Activated,a0BRB000010uukp2AA,2026/08,,11000,false,2026-08-01,2026-08-31,2026-07-10T16:30:03.000+0000
a03RB00001STmHoYAL,株式会社香川不動産買取センター_2026/08,a04RB00000kUAPnYAO,Activated,a0BRB000010uukq2AA,2026/08,a0CRB0000CcXZ6i2QG,11000,false,2026-08-01,2026-08-31,2026-07-10T16:30:03.000+0000
a03RB00001STmHpYAL,ONETEAM不動産_2026/08,a04RB00000kUAPxYAO,Activated,a0BRB000010uukr2AA,2026/08,a0CRB0000CcXZ6i2QG,11000,false,2026-08-01,2026-08-31,2026-07-10T16:30:03.000+0000
a03RB00001STmHqYAL,TC神鋼不動産株式会社_2026/08,a04RB00000kUAPzYAO,解約,,2026/08,a0CRB0000CcXZ6i2QG,11000,false,2026-08-01,2026-08-31,2026-07-10T16:30:03.000+0000
a03RB00001STmHrYAL,株式会社TAKUTO_2026/08,a04RB00000kUAQ0YAO,Activated,a0BRB000010uukt2AA,2026/08,a0CRB0000CcXZ6i2QG,11000,false,2026-08-01,2026-08-31,2026-07-10T16:30:03.000+0000
a03RB00001STmHsYAL,ホームトレードセンター株式会社_2026/08,a04RB00000kUAQ2YAO,Activated,a0BRB000010uuku2AA,2026/08,,11000,false,2026-08-01,2026-08-31,2026-07-10T16:30:03.000+0000
a03RB00001STmHtYAL,株式会社アズスタット_2026/08,a04RB00000kUAQ3YAO,Activated,a0BRB000010uukv2AA,2026/08,,11000,false,2026-08-01,2026-08-31,2026-07-10T16:30:03.000+0000
a03RB00001STmHuYAL,株式会社レーベントラスト_2026/08,a04RB00000kUAQ6YAO,Activated,a0BRB000010uukw2AA,2026/08,,55000,false,2026-08-01,2026-08-31,2026-07-10T16:30:03.000+0000
a03RB00001STmHvYAL,株式会社 三福管理センター_2026/08,a04RB00000kUAQ9YAO,Activated,a0BRB000010uukx2AA,2026/08,a0CRB0000CcXZ6j2QG,55000,false,2026-08-01,2026-08-31,2026-07-10T16:30:03.000+0000
a03RB00001STmHwYAL,株式会社ケン・プロパティマネジメント_2026/08,a04RB00000kUAQAYA4,Activated,a0BRB000010uuky2AA,2026/08,a0CRB0000CcXZ6i2QG,11000,false,2026-08-01,2026-08-31,2026-07-10T16:30:03.000+0000
a03RB00001STmHxYAL,株式会社建新_2026/08,a04RB00000kUAQBYA4,Activated,a0BRB000010uukz2AA,2026/08,a0CRB0000CcXZ6i2QG,11000,false,2026-08-01,2026-08-31,2026-07-10T16:30:03.000+0000
a03RB00001STmHyYAL,株式会社夢のおてつだい_2026/08,a04RB00000kUAQCYA4,Activated,a0BRB000010uul02AA,2026/08,a0CRB0000CcXZ6j2QG,55000,false,2026-08-01,2026-08-31,2026-07-10T16:30:03.000+0000
a03RB00001VU9YAYA1,a03RB00001VU9YA,a04RB00000nCFH5YAO,Draft,a0BRB000012ZyPR2A0,2026/08,a0CRB0000Ck3ReH2QU,150000,false,2026-08-01,2026-08-31,2026-07-28T06:51:53.000+0000
a03RB00001VVITJYA5,a03RB00001VVITJ,a04RB00000nCVWrYAO,Draft,a0BRB000012ZwHB2A0,2026/08,a0CRB0000CcXZ6Q2QW,8000,true,2026-08-01,2026-08-31,2026-07-28T06:46:08.000+0000
a03RB00001VZHRpYAP,a03RB00001VZHRp,a04RB00000nD5TtYAK,Draft,a0BRB000012bYDx2AM,2026/08,a0CRB0000CcXZ6V2QW,105000,true,2026-08-01,2026-08-31,2026-07-28T10:58:58.000+0000
a03RB00001VrXgEYAV,a03RB00001VrXgE,a04RB00000nI5BVYA0,Draft,a0BRB000012nzgf2AA,2026/08,a0CRB0000CcXZ6V2QW,75000,true,2026-08-01,2026-08-31,2026-07-30T04:11:52.000+0000
a03RB00001Vsf74YAB,a03RB00001Vsf74,a04RB00000nIA1VYAW,Draft,a0BRB000012oRhh2AE,2026/08,a0CRB0000CcXZ6Q2QW,8000,true,2026-08-01,2026-08-31,2026-07-30T04:34:08.000+0000
a03RB00001WSLkwYAH,a03RB00001WSLkw,a04RB00000nQDdJYAW,Draft,a0BRB000013FRP42AO,2026/08,a0CRB0000CcXZ6Q2QW,16000,true,2026-08-01,2026-08-31,2026-08-03T02:28:16.000+0000
a03RB00001WSLkxYAH,a03RB00001WSLkx,a04RB00000nQDdJYAW,Draft,a0BRB000013FRP42AO,2026/08,a0CRB0000CcXZ6Q2QW,16000,true,2026-08-01,2026-08-31,2026-08-03T02:28:16.000+0000
a03RB00001WSLkyYAH,a03RB00001WSLky,a04RB00000nQDdJYAW,Draft,a0BRB000013FRP42AO,2026/08,a0CRB0000CcXZ6Q2QW,16000,true,2026-08-01,2026-08-31,2026-08-03T02:28:16.000+0000
a03RB00001WSLkzYAH,a03RB00001WSLkz,a04RB00000nQDdJYAW,Draft,a0BRB000013FRP42AO,2026/08,a0CRB0000CcXZ6Q2QW,16000,true,2026-08-01,2026-08-31,2026-08-03T02:28:16.000+0000
a03RB00001WSLl0YAH,a03RB00001WSLl0,a04RB00000nQDdJYAW,Draft,a0BRB000013FRP42AO,2026/08,a0CRB0000CcXZ6Q2QW,16000,true,2026-08-01,2026-08-31,2026-08-03T02:28:16.000+0000
a03RB00001WSLl1YAH,a03RB00001WSLl1,a04RB00000nQDdJYAW,Draft,a0BRB000013FRP42AO,2026/08,a0CRB0000CcXZ6Q2QW,16000,true,2026-08-01,2026-08-31,2026-08-03T02:28:16.000+0000
a03RB00001WYiuvYAD,a03RB00001WYiuv,a04RB00000nRlg9YAC,更新予定,a0BRB000013IDuF2AW,2026/08,a0CRB0000CcXZ6V2QW,2500,true,2026-08-01,2026-08-31,2026-08-03T09:12:18.000+0000
a03RB00001WYiuwYAD,a03RB00001WYiuw,a04RB00000nRlg9YAC,更新予定,a0BRB000013IDuF2AW,2026/08,a0CRB0000CcXZ6V2QW,2500,true,2026-08-01,2026-08-31,2026-08-03T09:12:18.000+0000
a03RB00001WYiuxYAD,a03RB00001WYiux,a04RB00000nRlg9YAC,更新予定,a0BRB000013IDuF2AW,2026/08,a0CRB0000CcXZ6V2QW,2500,true,2026-08-01,2026-08-31,2026-08-03T09:12:18.000+0000
a03RB00001WYiuyYAD,a03RB00001WYiuy,a04RB00000nRlg9YAC,更新予定,a0BRB000013IDuF2AW,2026/08,a0CRB0000CcXZ6V2QW,2500,true,2026-08-01,2026-08-31,2026-08-03T09:12:18.000+0000
a03RB00001WYiuzYAD,a03RB00001WYiuz,a04RB00000nRlg9YAC,更新予定,a0BRB000013IDuF2AW,2026/08,a0CRB0000CcXZ6V2QW,2500,true,2026-08-01,2026-08-31,2026-08-03T09:12:18.000+0000
a03RB00001WYiv0YAD,a03RB00001WYiv0,a04RB00000nRlg9YAC,更新予定,a0BRB000013IDuF2AW,2026/08,a0CRB0000CcXZ6V2QW,2500,true,2026-08-01,2026-08-31,2026-08-03T09:12:18.000+0000
a03RB00001WYiv1YAD,a03RB00001WYiv1,a04RB00000nRlg9YAC,更新予定,a0BRB000013IDuF2AW,2026/08,a0CRB0000CcXZ6V2QW,2500,true,2026-08-01,2026-08-31,2026-08-03T09:12:18.000+0000
a03RB00001WYiv2YAD,a03RB00001WYiv2,a04RB00000nRlg9YAC,更新予定,a0BRB000013IDuF2AW,2026/08,a0CRB0000CcXZ6V2QW,2500,true,2026-08-01,2026-08-31,2026-08-03T09:12:18.000+0000
a03RB00001WZCQ3YAP,a03RB00001WZCQ3,a04RB00000nS9IgYAK,Activated,a0BRB000013KK4u2AG,2026/08,a0CRB0000CcXZ6Q2QW,8000,true,2026-08-01,2026-08-31,2026-08-03T13:38:10.000+0000
a03RB00001WimNlYAJ,a03RB00001WimNl,a04RB00000nUMA9YAO,Draft,a0BRB000013Q4Yo2AK,2026/08,a0CRB0000CcXZ6Q2QW,8000,true,2026-08-01,2026-08-31,2026-08-04T04:16:49.000+0000
a03RB00001X0cEfYAJ,a03RB00001X0cEf,a04RB00000nYgjlYAC,Draft,a0BRB000013b0LN2AY,2026/08,a0CRB0000CcXZ6S2QW,6400,false,2026-08-01,2026-08-31,2026-08-05T08:36:17.000+0000
a03RB00001X5x2NYAR,株式会社エリオクリエイト_2026/08,a04RB00000kUAPNYA4,Activated,a0BRB00000ynn5E2AQ,2026/08,a0CRB0000CcXZ6Q2QW,96000,true,2026-08-01,2026-08-31,2026-08-06T01:24:20.000+0000
a03RB00001X5x2OYAR,株式会社創建ホーム_2026/08,a04RB00000kUAPOYA4,Activated,a0BRB00000ynn5F2AQ,2026/08,a0CRB0000CcXZ6Z2QW,1008000,false,2026-08-01,2026-08-31,2026-08-06T01:24:20.000+0000
a03RB00001X5x2PYAR,株式会社Housebank千葉_2026/08,a04RB00000kUAPiYAO,Activated,a0BRB000013eexO2AQ,2026/08,a0CRB0000CcXZ6j2QG,55000,true,2026-08-01,2026-08-31,2026-08-06T01:24:20.000+0000
a03RB00001X5x2QYAR,野村不動産株式会社　商業事業本部_2026/08,a04RB00000lZ54zYAC,Activated,a0BRB0000100Bsb2AE,2026/08,a0CRB0000CcXZ6X2QW,140000,true,2026-08-01,2026-08-31,2026-08-06T01:24:20.000+0000
a03RB00001X5x2RYAR,野村不動産株式会社　商業事業本部_2026/08,a04RB00000lZ54zYAC,Activated,a0BRB0000100Bsb2AE,2026/08,a0CRB0000CcXZ6b2QG,30000,true,2026-08-01,2026-08-31,2026-08-06T01:24:20.000+0000
a03RB00001X5x2SYAR,野村不動産株式会社　商業事業本部_2026/08,a04RB00000lZ54zYAC,Activated,a0BRB0000100Bsb2AE,2026/08,a0CRB0000CcXZ6Z2QW,140000,false,2026-08-01,2026-08-31,2026-08-06T01:24:20.000+0000
a03RB00001X5x2TYAR,コンチネンタルホーム株式会社_2026-07-01_2026/08,a04RB00000miHmIYAU,Activated,a0BRB000013eexP2AQ,2026/08,a0CRB0000CcXZ6Q2QW,40000,true,2026-08-01,2026-08-31,2026-08-06T01:24:20.000+0000
a03RB00001X5x2UYAR,アイリスオーヤマ株式会社(空間デザイン部) [OLD] Rendery Enterpriseプラン(2025年9月まで) Freee自動請求契約_2026/08,a04RB00000n5JdiYAE,Activated,a0BRB000013eexQ2AQ,2026/08,a0CRB0000CcXZ6T2QW,11000,true,2026-08-01,2026-08-31,2026-08-06T01:24:20.000+0000
a03RB00001X5x2VYAR,アイリスオーヤマ株式会社(ストアソリューション営業部ストアデザインチーム) [OLD] Rendery Enterpriseプラン(2025年9月まで) Fre,a04RB00000n5JdjYAE,Activated,a0BRB000013eexR2AQ,2026/08,a0CRB0000CcXZ6T2QW,44000,true,2026-08-01,2026-08-31,2026-08-06T01:24:20.000+0000
a03RB00001X5x2WYAR,九州旅客鉄道株式会社(博多設備区) Rendery Proプラン Freee自動請求契約_2026/08,a04RB00000n5JdkYAE,Activated,a0BRB000013eexS2AQ,2026/08,a0CRB0000CcXZ6Q2QW,8000,true,2026-08-01,2026-08-31,2026-08-06T01:24:20.000+0000
a03RB00001X5x2XYAR,九州旅客鉄道株式会社(建設工事部施設課) Rendery Proプラン Freee自動請求契約_2026/08,a04RB00000n5JdlYAE,Activated,a0BRB000013eexT2AQ,2026/08,a0CRB0000CcXZ6Q2QW,8000,true,2026-08-01,2026-08-31,2026-08-06T01:24:20.000+0000
a03RB00001X5x2YYAR,東急リゾーツ＆ステイ株式会社 [OLD] Rendery Enterpriseプラン(2025年9月まで) Freee自動請求契約_2026/08,a04RB00000n5JdmYAE,Activated,a0BRB000013eexU2AQ,2026/08,a0CRB0000CcXZ6T2QW,44000,true,2026-08-01,2026-08-31,2026-08-06T01:24:20.000+0000
a03RB00001X5x2ZYAR,九州旅客鉄道株式会社(開発工事部) Rendery Proプラン Freee自動請求契約_2026/08,a04RB00000n5JdnYAE,Activated,a0BRB000013eexV2AQ,2026/08,a0CRB0000CcXZ6Q2QW,8000,true,2026-08-01,2026-08-31,2026-08-06T01:24:20.000+0000
a03RB00001X5x2aYAB,株式会社ＬＩＸＩＬ住宅研究所 Rendery Proプラン Freee自動請求契約_2026/08,a04RB00000n5JdoYAE,Activated,a0BRB000013eexW2AQ,2026/08,a0CRB0000CcXZ6Q2QW,8000,true,2026-08-01,2026-08-31,2026-08-06T01:24:20.000+0000
a03RB00001X5x2bYAB,近鉄不動産株式会社 Rendery Enterpriseプラン Freee自動請求契約_2026/08,a04RB00000n5JdpYAE,Activated,a0BRB000013eexX2AQ,2026/08,a0CRB0000CcXZ6a2QG,100000,false,2026-08-01,2026-08-31,2026-08-06T01:24:20.000+0000
a03RB00001X5x2cYAB,近鉄不動産株式会社 Rendery Enterpriseプラン Freee自動請求契約_2026/08,a04RB00000n5JdpYAE,Activated,a0BRB000013eexX2AQ,2026/08,a0CRB0000CcXZ6V2QW,195000,true,2026-08-01,2026-08-31,2026-08-06T01:24:20.000+0000
a03RB00001X5x2dYAB,株式会社ハートランド knock knock AI Basicプラン(50クレジット) Freee自動請求契約_2026/08,a04RB00000n5JdqYAE,Activated,a0BRB000013eexY2AQ,2026/08,a0CRB0000CcXZ6i2QG,11000,true,2026-08-01,2026-08-31,2026-08-06T01:24:20.000+0000
a03RB00001X5x2eYAB,西和不動産株式会社 栗東店 knock knock AI Basicプラン(50クレジット) Freee自動請求契約_2026/08,a04RB00000n5JdrYAE,Activated,a0BRB000013eexZ2AQ,2026/08,a0CRB0000CcXZ6i2QG,11000,true,2026-08-01,2026-08-31,2026-08-06T01:24:20.000+0000
a03RB00001X5x2fYAB,株式会社ヨコハマ地所 [OLD] Rendery Enterpriseプラン(2025年9月まで) Freee自動請求契約_2026/08,a04RB00000n5JdsYAE,Activated,a0BRB000013eexa2AA,2026/08,a0CRB0000CcXZ6T2QW,11000,true,2026-08-01,2026-08-31,2026-08-06T01:24:20.000+0000
a03RB00001X5x2gYAB,株式会社ヨコハマ地所 [OLD] Rendery Enterpriseプラン(2025年9月まで) Freee自動請求契約_2026/08,a04RB00000n5JdsYAE,Activated,a0BRB000013eexa2AA,2026/08,a0CRB0000CcXZ6i2QG,11000,true,2026-08-01,2026-08-31,2026-08-06T01:24:20.000+0000
a03RB00001X5x2hYAB,株式会社JR東日本建築設計 Rendery Proプラン Freee自動請求契約_2026/08,a04RB00000n5JdtYAE,Activated,a0BRB000013eexb2AA,2026/08,a0CRB0000CcXZ6Q2QW,8000,true,2026-08-01,2026-08-31,2026-08-06T01:24:20.000+0000
a03RB00001X5x2iYAB,三菱地所株式会社(DX推進部) Rendery Proプラン Freee自動請求契約_2026/08,a04RB00000n5JduYAE,Activated,a0BRB000013eexc2AA,2026/08,a0CRB0000CcXZ6Q2QW,16000,true,2026-08-01,2026-08-31,2026-08-06T01:24:20.000+0000
a03RB00001X5x2jYAB,野村不動産株式会社 Rendery Enterpriseプラン Freee自動請求契約_2026/08,a04RB00000n5JdvYAE,Activated,a0BRB000013eexd2AA,2026/08,a0CRB0000CcXZ6b2QG,30000,true,2026-08-01,2026-08-31,2026-08-06T01:24:20.000+0000
a03RB00001X5x2kYAB,野村不動産株式会社 Rendery Enterpriseプラン Freee自動請求契約_2026/08,a04RB00000n5JdvYAE,Activated,a0BRB000013eexd2AA,2026/08,a0CRB0000CcXZ6V2QW,150000,true,2026-08-01,2026-08-31,2026-08-06T01:24:20.000+0000
a03RB00001X5x2lYAB,株式会社デザインアーク（東京スペースソリューション第１営業所） Rendery Enterpriseプラン Freee自動請求契約_2026/08,a04RB00000n5JdwYAE,Activated,a0BRB000013eexe2AA,2026/08,a0CRB0000CcXZ6V2QW,30000,true,2026-08-01,2026-08-31,2026-08-06T01:24:20.000+0000
a03RB00001X5x2mYAB,合同会社小島屋 Rendery Proプラン Freee自動請求契約_2026/08,a04RB00000n5JdxYAE,Activated,a0BRB000013eexf2AA,2026/08,a0CRB0000CcXZ6Q2QW,8000,true,2026-08-01,2026-08-31,2026-08-06T01:24:20.000+0000
a03RB00001X5x2nYAB,株式会社コスモスイニシア（流通事業部） Rendery Enterpriseプラン Freee自動請求契約_2026/08,a04RB00000n5JdyYAE,Activated,a0BRB000013eexg2AA,2026/08,a0CRB0000CcXZ6V2QW,150000,true,2026-08-01,2026-08-31,2026-08-06T01:24:20.000+0000
a03RB00001X5x2oYAB,柏井建設株式会社 Rendery Enterpriseプラン Freee自動請求契約_2026/08,a04RB00000n5JdzYAE,Activated,a0BRB000013eexh2AA,2026/08,a0CRB0000CcXZ6V2QW,75000,true,2026-08-01,2026-08-31,2026-08-06T01:24:20.000+0000
a03RB00001X5x2pYAB,株式会社シアーズホーム knock knock AI Basicプラン(50クレジット) Freee自動請求契約_2026/08,a04RB00000n5Je0YAE,Activated,a0BRB000013eexi2AA,2026/08,a0CRB0000CcXZ6i2QG,11000,true,2026-08-01,2026-08-31,2026-08-06T01:24:20.000+0000
a03RB00001X5x2qYAB,株式会社ジョイフル本田 [OLD] Rendery Enterpriseプラン(2025年9月まで) Freee自動請求契約_2026/08,a04RB00000n5Je1YAE,Activated,a0BRB000013eexj2AA,2026/08,a0CRB0000CcXZ6T2QW,55000,true,2026-08-01,2026-08-31,2026-08-06T01:24:20.000+0000
a03RB00001X5x2rYAB,インフィニティ株式会社 Rendery Proプラン Freee自動請求契約_2026/08,a04RB00000n5Je2YAE,Activated,a0BRB000013eexk2AA,2026/08,a0CRB0000CcXZ6Q2QW,8000,true,2026-08-01,2026-08-31,2026-08-06T01:24:20.000+0000
a03RB00001X5x2sYAB,帝国不動産株式会社 Rendery Proプラン Freee自動請求契約_2026/08,a04RB00000n5Je3YAE,Activated,a0BRB000013eexl2AA,2026/08,a0CRB0000CcXZ6Q2QW,48000,true,2026-08-01,2026-08-31,2026-08-06T01:24:20.000+0000
a03RB00001X5x2tYAB,アイリスチトセ株式会社 [OLD] Rendery Enterpriseプラン(2025年9月まで) Freee自動請求契約_2026/08,a04RB00000n5Je4YAE,Activated,a0BRB000013eexm2AA,2026/08,a0CRB0000CcXZ6T2QW,77000,true,2026-08-01,2026-08-31,2026-08-06T01:24:20.000+0000
a03RB00001X5x2uYAB,株式会社JBリアルエステート knock knock AI Basicプラン(50クレジット) Freee自動請求契約_2026/08,a04RB00000n5Je5YAE,Activated,a0BRB000013eexn2AA,2026/08,a0CRB0000CcXZ6i2QG,11000,true,2026-08-01,2026-08-31,2026-08-06T01:24:20.000+0000
a03RB00001X5x2vYAB,松栄不動産株式会社(アパマンショップ仙台東口店) knock knock AI Basicプラン(50クレジット) Freee自動請求契約_2026/08,a04RB00000n5Je6YAE,Activated,a0BRB000013eexo2AA,2026/08,a0CRB0000CcXZ6i2QG,11000,true,2026-08-01,2026-08-31,2026-08-06T01:24:20.000+0000
a03RB00001X5x2wYAB,三井不動産レジデンシャルリース株式会社(ソリューション推進部) [OLD] Rendery Enterpriseプラン(2025年9月まで) Freee自動請求,a04RB00000n5Je7YAE,Activated,a0BRB000013eexp2AA,2026/08,a0CRB0000CcXZ6T2QW,132000,true,2026-08-01,2026-08-31,2026-08-06T01:24:20.000+0000
a03RB00001X5x2xYAB,株式会社三越伊勢丹プロパティ・デザイン Rendery Proプラン Freee自動請求契約_2026/08,a04RB00000n5Je8YAE,Activated,a0BRB000013eexq2AA,2026/08,a0CRB0000CcXZ6Q2QW,48000,true,2026-08-01,2026-08-31,2026-08-06T01:24:20.000+0000
a03RB00001X5x2yYAB,株式会社錢高組 Rendery Proプラン Freee自動請求契約_2026/08,a04RB00000n5Je9YAE,Activated,a0BRB000013eexr2AA,2026/08,a0CRB0000CcXZ6Q2QW,24000,true,2026-08-01,2026-08-31,2026-08-06T01:24:20.000+0000
a03RB00001X5x2zYAB,株式会社ワンズ・レーニア Rendery Enterpriseプラン Freee自動請求契約_2026/08,a04RB00000n5JeAYAU,Activated,a0BRB000013eexs2AA,2026/08,a0CRB0000CcXZ6V2QW,75000,true,2026-08-01,2026-08-31,2026-08-06T01:24:20.000+0000
a03RB00001X5x30YAB,株式会社サンテン・コーポレーション Rendery Proプラン Freee自動請求契約_2026/08,a04RB00000nCmpRYAS,Activated,a0BRB000013eext2AA,2026/08,a0CRB0000CcXZ6Q2QW,32000,true,2026-08-01,2026-08-31,2026-08-06T01:24:20.000+0000
a03RB00001X5x31YAB,株式会社パインウェル Rendery Proプラン Freee自動請求契約_2026/08,a04RB00000nCmpSYAS,Activated,a0BRB000013eexu2AA,2026/08,a0CRB0000CcXZ6Q2QW,8000,true,2026-08-01,2026-08-31,2026-08-06T01:24:20.000+0000
a03RB00001X5x32YAB,大東建託株式会社 [OLD] Rendery Enterpriseプラン(2025年9月まで) Freee自動請求契約_2026/08,a04RB00000nCmpTYAS,Activated,a0BRB000013eexv2AA,2026/08,a0CRB0000CcXZ6T2QW,132000,true,2026-08-01,2026-08-31,2026-08-06T01:24:20.000+0000
a03RB00001X5x33YAB,株式会社フォーデック Rendery Proプラン Freee自動請求契約_2026/08,a04RB00000nS9IfYAK,Activated,a0BRB000013eexw2AA,2026/08,a0CRB0000CcXZ6Q2QW,8000,true,2026-08-01,2026-08-31,2026-08-06T01:24:20.000+0000
