Id,PeriodEndDate__c
a0BRB00000ynb5Y2AQ,2024-06-30
a0BRB00000ynb5d2AA,2024-08-31
a0BRB00000ynb5e2AA,2024-10-31
a0BRB00000ynb5h2AA,2024-10-31
a0BRB00000ynb5i2AA,2024-09-30
a0BRB00000ynb5l2AA,2024-11-30
a0BRB00000ynb5r2AA,2025-01-31
a0BRB00000ynb5s2AA,2024-12-31
a0BRB00000ynb5v2AA,2025-02-28
a0BRB00000ynb5w2AA,2025-03-31
a0BRB00000ynb5x2AA,2025-04-30
a0BRB00000ynb622AA,2025-04-30
a0BRB00000ynb692AA,2025-05-31
a0BRB00000ynb6A2AQ,2025-05-31
a0BRB00000ynb6D2AQ,2025-05-31
a0BRB00000ynb6F2AQ,2025-06-30
a0BRB00000ynb6G2AQ,2025-06-30
a0BRB00000ynb6J2AQ,2025-07-31
a0BRB00000ynb6M2AQ,2025-09-30
a0BRB00000ynb6O2AQ,2025-09-30
a0BRB00000ynb6P2AQ,2025-09-30
a0BRB00000ynb6Q2AQ,2025-10-31
a0BRB00000ynb6Y2AQ,2025-11-30
a0BRB00000ynb6a2AA,2026-01-31
a0BRB00000ynb6b2AA,2026-01-31
a0BRB00000ynb6c2AA,2026-03-31
a0BRB00000ynb6e2AA,2026-01-31
a0BRB00000ynb6i2AA,2027-01-31
a0BRB00000ynb6j2AA,2026-01-31
a0BRB00000ynb6k2AA,2026-02-28
a0BRB00000ynb6n2AA,2026-01-31
a0BRB00000ynb6o2AA,2026-02-28
a0BRB00000ynb6q2AA,2026-04-30
a0BRB00000ynb6r2AA,2026-04-30
a0BRB00000ynb6t2AA,2026-04-30
a0BRB00000ynb6v2AA,2026-03-31
a0BRB00000ynb6w2AA,2026-04-30
a0BRB00000ynb6y2AA,2026-03-31
a0BRB00000ynb6z2AA,2026-04-30
a0BRB00000ynb702AA,2026-04-30
a0BRB00000ynb712AA,2026-04-30
a0BRB00000ynb722AA,2026-04-30
a0BRB00000ynb732AA,2026-04-30
a0BRB00000ynb742AA,2026-04-30
a0BRB00000ynb752AA,2026-04-30
a0BRB00000ynb762AA,2026-04-30
a0BRB00000ynn552AA,2026-04-30
a0BRB00000ynn562AA,2026-06-30
a0BRB00000ynn582AA,2026-05-31
a0BRB00000ynn592AA,2026-05-31
a0BRB00000ynn5B2AQ,2026-06-30
a0BRB00000ynn5D2AQ,2026-06-30
a0BRB00000ynn5K2AQ,2024-09-30
a0BRB00000ynn5N2AQ,2024-10-31
a0BRB00000ynn5P2AQ,2024-11-30
a0BRB00000ynn5T2AQ,2024-12-31
a0BRB00000ynn5V2AQ,2025-01-31
a0BRB00000ynn5Y2AQ,2025-02-28
a0BRB00000ynn5a2AA,2025-01-31
a0BRB00000ynn5b2AA,2025-02-28
a0BRB00000ynn5d2AA,2025-02-28
a0BRB00000ynn5f2AA,2025-03-31
a0BRB00000ynn5p2AA,2025-06-30
a0BRB00000ynn5s2AA,2025-07-31
a0BRB00000ynn5u2AA,2025-08-31
a0BRB00000ynn5v2AA,2025-08-31
a0BRB00000ynn5y2AA,2025-09-30
a0BRB00000ynn612AA,2025-11-30
a0BRB00000ynn622AA,2025-12-31
a0BRB00000ynn632AA,2026-02-28
a0BRB00000ynn642AA,2026-02-28
a0BRB000010uuk12AA,2026-06-30
a0BRB000011R30j2AC,2026-07-31
a0BRB000012EChM2AW,2026-02-28
a0BRB000012RmbZ2AS,2026-07-28
a0BRB000013Hjco2AC,2027-07-31
