"MonthlyId","Contract","ContractName","Payment","ContractUpdate","Month","Billing","DiffMonths","Product","Amount","Invoice"
"a03RB00001WYivaYAD","a04RB00000nRlg9YAC","CN-00000241","","年","2027/01","2026-08-20","-5","Rendery Enterpriseプラン","2500","a00RB00002CgDsDYAV"
"a03RB00001WYivbYAD","a04RB00000nRlg9YAC","CN-00000241","","年","2027/01","2026-08-20","-5","Rendery Enterpriseプラン","2500","a00RB00002CgDsDYAV"
"a03RB00001WYivBYAT","a04RB00000nRlg9YAC","CN-00000241","","年","2026/10","2026-08-20","-2","Rendery Enterpriseプラン","2500","a00RB00002CgDsDYAV"
"a03RB00001WYivCYAT","a04RB00000nRlg9YAC","CN-00000241","","年","2026/10","2026-08-20","-2","Rendery Enterpriseプラン","2500","a00RB00002CgDsDYAV"
"a03RB00001WYivcYAD","a04RB00000nRlg9YAC","CN-00000241","","年","2027/01","2026-08-20","-5","Rendery Enterpriseプラン","2500","a00RB00002CgDsDYAV"
"a03RB00001WYivDYAT","a04RB00000nRlg9YAC","CN-00000241","","年","2026/10","2026-08-20","-2","Rendery Enterpriseプラン","2500","a00RB00002CgDsDYAV"
"a03RB00001WYivdYAD","a04RB00000nRlg9YAC","CN-00000241","","年","2027/01","2026-08-20","-5","Rendery Enterpriseプラン","2500","a00RB00002CgDsDYAV"
"a03RB00001WYiveYAD","a04RB00000nRlg9YAC","CN-00000241","","年","2027/01","2026-08-20","-5","Rendery Enterpriseプラン","2500","a00RB00002CgDsDYAV"
"a03RB00001WYivEYAT","a04RB00000nRlg9YAC","CN-00000241","","年","2026/10","2026-08-20","-2","Rendery Enterpriseプラン","2500","a00RB00002CgDsDYAV"
"a03RB00001WYivFYAT","a04RB00000nRlg9YAC","CN-00000241","","年","2026/10","2026-08-20","-2","Rendery Enterpriseプラン","2500","a00RB00002CgDsDYAV"
"a03RB00001WYivfYAD","a04RB00000nRlg9YAC","CN-00000241","","年","2027/01","2026-08-20","-5","Rendery Enterpriseプラン","2500","a00RB00002CgDsDYAV"
"a03RB00001WYivgYAD","a04RB00000nRlg9YAC","CN-00000241","","年","2027/01","2026-08-20","-5","Rendery Enterpriseプラン","2500","a00RB00002CgDsDYAV"
"a03RB00001WYivGYAT","a04RB00000nRlg9YAC","CN-00000241","","年","2026/10","2026-08-20","-2","Rendery Enterpriseプラン","2500","a00RB00002CgDsDYAV"
"a03RB00001WYivhYAD","a04RB00000nRlg9YAC","CN-00000241","","年","2027/02","2026-08-20","-6","Rendery Enterpriseプラン","2500","a00RB00002CgDsDYAV"
"a03RB00001WYivHYAT","a04RB00000nRlg9YAC","CN-00000241","","年","2026/10","2026-08-20","-2","Rendery Enterpriseプラン","2500","a00RB00002CgDsDYAV"
"a03RB00001WYiviYAD","a04RB00000nRlg9YAC","CN-00000241","","年","2027/02","2026-08-20","-6","Rendery Enterpriseプラン","2500","a00RB00002CgDsDYAV"
"a03RB00001WYivIYAT","a04RB00000nRlg9YAC","CN-00000241","","年","2026/10","2026-08-20","-2","Rendery Enterpriseプラン","2500","a00RB00002CgDsDYAV"
"a03RB00001WYivJYAT","a04RB00000nRlg9YAC","CN-00000241","","年","2026/11","2026-08-20","-3","Rendery Enterpriseプラン","2500","a00RB00002CgDsDYAV"
"a03RB00001WYivjYAD","a04RB00000nRlg9YAC","CN-00000241","","年","2027/02","2026-08-20","-6","Rendery Enterpriseプラン","2500","a00RB00002CgDsDYAV"
"a03RB00001WYivKYAT","a04RB00000nRlg9YAC","CN-00000241","","年","2026/11","2026-08-20","-3","Rendery Enterpriseプラン","2500","a00RB00002CgDsDYAV"
"a03RB00001WYivkYAD","a04RB00000nRlg9YAC","CN-00000241","","年","2027/02","2026-08-20","-6","Rendery Enterpriseプラン","2500","a00RB00002CgDsDYAV"
"a03RB00001WYivLYAT","a04RB00000nRlg9YAC","CN-00000241","","年","2026/11","2026-08-20","-3","Rendery Enterpriseプラン","2500","a00RB00002CgDsDYAV"
"a03RB00001WYivlYAD","a04RB00000nRlg9YAC","CN-00000241","","年","2027/02","2026-08-20","-6","Rendery Enterpriseプラン","2500","a00RB00002CgDsDYAV"
"a03RB00001WYivMYAT","a04RB00000nRlg9YAC","CN-00000241","","年","2026/11","2026-08-20","-3","Rendery Enterpriseプラン","2500","a00RB00002CgDsDYAV"
"a03RB00001WYivmYAD","a04RB00000nRlg9YAC","CN-00000241","","年","2027/02","2026-08-20","-6","Rendery Enterpriseプラン","2500","a00RB00002CgDsDYAV"
"a03RB00001WYivNYAT","a04RB00000nRlg9YAC","CN-00000241","","年","2026/11","2026-08-20","-3","Rendery Enterpriseプラン","2500","a00RB00002CgDsDYAV"
"a03RB00001WYivnYAD","a04RB00000nRlg9YAC","CN-00000241","","年","2027/02","2026-08-20","-6","Rendery Enterpriseプラン","2500","a00RB00002CgDsDYAV"
"a03RB00001WYivoYAD","a04RB00000nRlg9YAC","CN-00000241","","年","2027/02","2026-08-20","-6","Rendery Enterpriseプラン","2500","a00RB00002CgDsDYAV"
"a03RB00001WYivOYAT","a04RB00000nRlg9YAC","CN-00000241","","年","2026/11","2026-08-20","-3","Rendery Enterpriseプラン","2500","a00RB00002CgDsDYAV"
"a03RB00001WYivPYAT","a04RB00000nRlg9YAC","CN-00000241","","年","2026/11","2026-08-20","-3","Rendery Enterpriseプラン","2500","a00RB00002CgDsDYAV"
"a03RB00001WYivpYAD","a04RB00000nRlg9YAC","CN-00000241","","年","2027/03","2026-08-20","-7","Rendery Enterpriseプラン","2500","a00RB00002CgDsDYAV"
"a03RB00001WYivqYAD","a04RB00000nRlg9YAC","CN-00000241","","年","2027/03","2026-08-20","-7","Rendery Enterpriseプラン","2500","a00RB00002CgDsDYAV"
"a03RB00001WYivQYAT","a04RB00000nRlg9YAC","CN-00000241","","年","2026/11","2026-08-20","-3","Rendery Enterpriseプラン","2500","a00RB00002CgDsDYAV"
"a03RB00001WYivrYAD","a04RB00000nRlg9YAC","CN-00000241","","年","2027/03","2026-08-20","-7","Rendery Enterpriseプラン","2500","a00RB00002CgDsDYAV"
"a03RB00001WYivRYAT","a04RB00000nRlg9YAC","CN-00000241","","年","2026/12","2026-08-20","-4","Rendery Enterpriseプラン","2500","a00RB00002CgDsDYAV"
"a03RB00001WYivSYAT","a04RB00000nRlg9YAC","CN-00000241","","年","2026/12","2026-08-20","-4","Rendery Enterpriseプラン","2500","a00RB00002CgDsDYAV"
"a03RB00001WYivsYAD","a04RB00000nRlg9YAC","CN-00000241","","年","2027/03","2026-08-20","-7","Rendery Enterpriseプラン","2500","a00RB00002CgDsDYAV"
"a03RB00001WYivtYAD","a04RB00000nRlg9YAC","CN-00000241","","年","2027/03","2026-08-20","-7","Rendery Enterpriseプラン","2500","a00RB00002CgDsDYAV"
"a03RB00001WYivTYAT","a04RB00000nRlg9YAC","CN-00000241","","年","2026/12","2026-08-20","-4","Rendery Enterpriseプラン","2500","a00RB00002CgDsDYAV"
"a03RB00001WYivUYAT","a04RB00000nRlg9YAC","CN-00000241","","年","2026/12","2026-08-20","-4","Rendery Enterpriseプラン","2500","a00RB00002CgDsDYAV"
"a03RB00001WYivuYAD","a04RB00000nRlg9YAC","CN-00000241","","年","2027/03","2026-08-20","-7","Rendery Enterpriseプラン","2500","a00RB00002CgDsDYAV"
"a03RB00001WYivvYAD","a04RB00000nRlg9YAC","CN-00000241","","年","2027/03","2026-08-20","-7","Rendery Enterpriseプラン","2500","a00RB00002CgDsDYAV"
"a03RB00001WYivVYAT","a04RB00000nRlg9YAC","CN-00000241","","年","2026/12","2026-08-20","-4","Rendery Enterpriseプラン","2500","a00RB00002CgDsDYAV"
"a03RB00001WYivwYAD","a04RB00000nRlg9YAC","CN-00000241","","年","2027/03","2026-08-20","-7","Rendery Enterpriseプラン","2500","a00RB00002CgDsDYAV"
"a03RB00001WYivWYAT","a04RB00000nRlg9YAC","CN-00000241","","年","2026/12","2026-08-20","-4","Rendery Enterpriseプラン","2500","a00RB00002CgDsDYAV"
"a03RB00001WYivxYAD","a04RB00000nRlg9YAC","CN-00000241","","年","2027/04","2026-08-20","-8","Rendery Enterpriseプラン","2500","a00RB00002CgDsDYAV"
"a03RB00001WYivXYAT","a04RB00000nRlg9YAC","CN-00000241","","年","2026/12","2026-08-20","-4","Rendery Enterpriseプラン","2500","a00RB00002CgDsDYAV"
"a03RB00001WYivYYAT","a04RB00000nRlg9YAC","CN-00000241","","年","2026/12","2026-08-20","-4","Rendery Enterpriseプラン","2500","a00RB00002CgDsDYAV"
"a03RB00001WYivyYAD","a04RB00000nRlg9YAC","CN-00000241","","年","2027/04","2026-08-20","-8","Rendery Enterpriseプラン","2500","a00RB00002CgDsDYAV"
"a03RB00001WYivzYAD","a04RB00000nRlg9YAC","CN-00000241","","年","2027/04","2026-08-20","-8","Rendery Enterpriseプラン","2500","a00RB00002CgDsDYAV"
"a03RB00001WYivZYAT","a04RB00000nRlg9YAC","CN-00000241","","年","2027/01","2026-08-20","-5","Rendery Enterpriseプラン","2500","a00RB00002CgDsDYAV"
"a03RB00001WYiw0YAD","a04RB00000nRlg9YAC","CN-00000241","","年","2027/04","2026-08-20","-8","Rendery Enterpriseプラン","2500","a00RB00002CgDsDYAV"
"a03RB00001WYiw1YAD","a04RB00000nRlg9YAC","CN-00000241","","年","2027/04","2026-08-20","-8","Rendery Enterpriseプラン","2500","a00RB00002CgDsDYAV"
"a03RB00001WYiw2YAD","a04RB00000nRlg9YAC","CN-00000241","","年","2027/04","2026-08-20","-8","Rendery Enterpriseプラン","2500","a00RB00002CgDsDYAV"
"a03RB00001WYiw3YAD","a04RB00000nRlg9YAC","CN-00000241","","年","2027/04","2026-08-20","-8","Rendery Enterpriseプラン","2500","a00RB00002CgDsDYAV"
"a03RB00001WYiw4YAD","a04RB00000nRlg9YAC","CN-00000241","","年","2027/04","2026-08-20","-8","Rendery Enterpriseプラン","2500","a00RB00002CgDsDYAV"
"a03RB00001WYiw5YAD","a04RB00000nRlg9YAC","CN-00000241","","年","2027/05","2026-08-20","-9","Rendery Enterpriseプラン","2500","a00RB00002CgDsDYAV"
"a03RB00001WYiw6YAD","a04RB00000nRlg9YAC","CN-00000241","","年","2027/05","2026-08-20","-9","Rendery Enterpriseプラン","2500","a00RB00002CgDsDYAV"
"a03RB00001WYiw7YAD","a04RB00000nRlg9YAC","CN-00000241","","年","2027/05","2026-08-20","-9","Rendery Enterpriseプラン","2500","a00RB00002CgDsDYAV"
"a03RB00001WYiw8YAD","a04RB00000nRlg9YAC","CN-00000241","","年","2027/05","2026-08-20","-9","Rendery Enterpriseプラン","2500","a00RB00002CgDsDYAV"
"a03RB00001WYiw9YAD","a04RB00000nRlg9YAC","CN-00000241","","年","2027/05","2026-08-20","-9","Rendery Enterpriseプラン","2500","a00RB00002CgDsDYAV"
"a03RB00001WYiwAYAT","a04RB00000nRlg9YAC","CN-00000241","","年","2027/05","2026-08-20","-9","Rendery Enterpriseプラン","2500","a00RB00002CgDsDYAV"
"a03RB00001WYiwBYAT","a04RB00000nRlg9YAC","CN-00000241","","年","2027/05","2026-08-20","-9","Rendery Enterpriseプラン","2500","a00RB00002CgDsDYAV"
"a03RB00001WYiwCYAT","a04RB00000nRlg9YAC","CN-00000241","","年","2027/05","2026-08-20","-9","Rendery Enterpriseプラン","2500","a00RB00002CgDsDYAV"
"a03RB00001WYiwDYAT","a04RB00000nRlg9YAC","CN-00000241","","年","2027/06","2026-08-20","-10","Rendery Enterpriseプラン","2500","a00RB00002CgDsDYAV"
"a03RB00001WYiwEYAT","a04RB00000nRlg9YAC","CN-00000241","","年","2027/06","2026-08-20","-10","Rendery Enterpriseプラン","2500","a00RB00002CgDsDYAV"
"a03RB00001WYiwFYAT","a04RB00000nRlg9YAC","CN-00000241","","年","2027/06","2026-08-20","-10","Rendery Enterpriseプラン","2500","a00RB00002CgDsDYAV"
"a03RB00001WYiwGYAT","a04RB00000nRlg9YAC","CN-00000241","","年","2027/06","2026-08-20","-10","Rendery Enterpriseプラン","2500","a00RB00002CgDsDYAV"
"a03RB00001WYiwHYAT","a04RB00000nRlg9YAC","CN-00000241","","年","2027/06","2026-08-20","-10","Rendery Enterpriseプラン","2500","a00RB00002CgDsDYAV"
"a03RB00001WYiwIYAT","a04RB00000nRlg9YAC","CN-00000241","","年","2027/06","2026-08-20","-10","Rendery Enterpriseプラン","2500","a00RB00002CgDsDYAV"
"a03RB00001WYiwJYAT","a04RB00000nRlg9YAC","CN-00000241","","年","2027/06","2026-08-20","-10","Rendery Enterpriseプラン","2500","a00RB00002CgDsDYAV"
"a03RB00001WYiwKYAT","a04RB00000nRlg9YAC","CN-00000241","","年","2027/06","2026-08-20","-10","Rendery Enterpriseプラン","2500","a00RB00002CgDsDYAV"
"a03RB00001WYiwLYAT","a04RB00000nRlg9YAC","CN-00000241","","年","2027/07","2026-08-20","-11","Rendery Enterpriseプラン","2500","a00RB00002CgDsDYAV"
"a03RB00001WYiwMYAT","a04RB00000nRlg9YAC","CN-00000241","","年","2027/07","2026-08-20","-11","Rendery Enterpriseプラン","2500","a00RB00002CgDsDYAV"
"a03RB00001WYiwNYAT","a04RB00000nRlg9YAC","CN-00000241","","年","2027/07","2026-08-20","-11","Rendery Enterpriseプラン","2500","a00RB00002CgDsDYAV"
"a03RB00001WYiwOYAT","a04RB00000nRlg9YAC","CN-00000241","","年","2027/07","2026-08-20","-11","Rendery Enterpriseプラン","2500","a00RB00002CgDsDYAV"
"a03RB00001WYiwPYAT","a04RB00000nRlg9YAC","CN-00000241","","年","2027/07","2026-08-20","-11","Rendery Enterpriseプラン","2500","a00RB00002CgDsDYAV"
"a03RB00001WYiwQYAT","a04RB00000nRlg9YAC","CN-00000241","","年","2027/07","2026-08-20","-11","Rendery Enterpriseプラン","2500","a00RB00002CgDsDYAV"
"a03RB00001WYiwRYAT","a04RB00000nRlg9YAC","CN-00000241","","年","2027/07","2026-08-20","-11","Rendery Enterpriseプラン","2500","a00RB00002CgDsDYAV"
"a03RB00001WYiwSYAT","a04RB00000nRlg9YAC","CN-00000241","","年","2027/07","2026-08-20","-11","Rendery Enterpriseプラン","2500","a00RB00002CgDsDYAV"
"a03RB00001X0cEhYAJ","a04RB00000nYgjlYAC","CN-00000245","","年","2026/10","2026-08-20","-2","[年払_代理販売20%] Rendery Proプランネンバライ","6400","a00RB00002DAbgvYAD"
"a03RB00001X0cEiYAJ","a04RB00000nYgjlYAC","CN-00000245","","年","2026/11","2026-08-20","-3","[年払_代理販売20%] Rendery Proプランネンバライ","6400","a00RB00002DAbgvYAD"
"a03RB00001X0cEjYAJ","a04RB00000nYgjlYAC","CN-00000245","","年","2026/12","2026-08-20","-4","[年払_代理販売20%] Rendery Proプランネンバライ","6400","a00RB00002DAbgvYAD"
"a03RB00001X0cEkYAJ","a04RB00000nYgjlYAC","CN-00000245","","年","2027/01","2026-08-20","-5","[年払_代理販売20%] Rendery Proプランネンバライ","6400","a00RB00002DAbgvYAD"
"a03RB00001X0cElYAJ","a04RB00000nYgjlYAC","CN-00000245","","年","2027/02","2026-08-20","-6","[年払_代理販売20%] Rendery Proプランネンバライ","6400","a00RB00002DAbgvYAD"
"a03RB00001X0cEmYAJ","a04RB00000nYgjlYAC","CN-00000245","","年","2027/03","2026-08-20","-7","[年払_代理販売20%] Rendery Proプランネンバライ","6400","a00RB00002DAbgvYAD"
"a03RB00001X0cEnYAJ","a04RB00000nYgjlYAC","CN-00000245","","年","2027/04","2026-08-20","-8","[年払_代理販売20%] Rendery Proプランネンバライ","6400","a00RB00002DAbgvYAD"
"a03RB00001X0cEoYAJ","a04RB00000nYgjlYAC","CN-00000245","","年","2027/05","2026-08-20","-9","[年払_代理販売20%] Rendery Proプランネンバライ","6400","a00RB00002DAbgvYAD"
"a03RB00001X0cEpYAJ","a04RB00000nYgjlYAC","CN-00000245","","年","2027/06","2026-08-20","-10","[年払_代理販売20%] Rendery Proプランネンバライ","6400","a00RB00002DAbgvYAD"
"a03RB00001X0cEqYAJ","a04RB00000nYgjlYAC","CN-00000245","","年","2027/07","2026-08-20","-11","[年払_代理販売20%] Rendery Proプランネンバライ","6400","a00RB00002DAbgvYAD"
"a03RB00001NswhlYAB","a04RB00000kUAOnYAO","CN-00000075","Invoice","年","2026/02","2026-07-20","5","[年払] Rendery Enterpriseプラン","70000","a00RB00002Am2BgYAJ"
"a03RB00001NswhmYAB","a04RB00000kUAOnYAO","CN-00000075","Invoice","年","2026/03","2026-07-20","4","[年払] Rendery Enterpriseプラン","70000","a00RB00002Am2BgYAJ"
"a03RB00001NswhnYAB","a04RB00000kUAOnYAO","CN-00000075","Invoice","年","2026/04","2026-07-20","3","[年払] Rendery Enterpriseプラン","70000","a00RB00002Am2BgYAJ"
"a03RB00001NswhoYAB","a04RB00000kUAOnYAO","CN-00000075","Invoice","年","2026/05","2026-07-20","2","[年払] Rendery Enterpriseプラン","70000","a00RB00002Am2BgYAJ"
"a03RB00001NswhsYAB","a04RB00000kUAOnYAO","CN-00000075","Invoice","年","2026/09","2026-07-20","-2","[年払] Rendery Enterpriseプラン","70000","a00RB00002Am2BgYAJ"
"a03RB00001NswhtYAB","a04RB00000kUAOnYAO","CN-00000075","Invoice","年","2026/10","2026-07-20","-3","[年払] Rendery Enterpriseプラン","70000","a00RB00002Am2BgYAJ"
"a03RB00001NswhuYAB","a04RB00000kUAOnYAO","CN-00000075","Invoice","年","2026/11","2026-07-20","-4","[年払] Rendery Enterpriseプラン","70000","a00RB00002Am2BgYAJ"
"a03RB00001NswhvYAB","a04RB00000kUAOnYAO","CN-00000075","Invoice","年","2026/12","2026-07-20","-5","[年払] Rendery Enterpriseプラン","70000","a00RB00002Am2BgYAJ"
"a03RB00001NswhwYAB","a04RB00000kUAOnYAO","CN-00000075","Invoice","年","2027/01","2026-07-20","-6","[年払] Rendery Enterpriseプラン","70000","a00RB00002Am2BgYAJ"
"a03RB00001NswkBYAR","a04RB00000kUAPGYA4","CN-00000104","Invoice","年","2026/07","2026-05-20","-2","","8000","a00RB00002B5oLGYAZ"
"a03RB00001NswkCYAR","a04RB00000kUAPGYA4","CN-00000104","Invoice","年","2026/08","2026-05-20","-3","","8000","a00RB00002B5oLGYAZ"
"a03RB00001NswkDYAR","a04RB00000kUAPGYA4","CN-00000104","Invoice","年","2026/09","2026-05-20","-4","","8000","a00RB00002B5oLGYAZ"
"a03RB00001NswkEYAR","a04RB00000kUAPGYA4","CN-00000104","Invoice","年","2026/10","2026-05-20","-5","","8000","a00RB00002B5oLGYAZ"
"a03RB00001NswkFYAR","a04RB00000kUAPGYA4","CN-00000104","Invoice","年","2026/11","2026-05-20","-6","","8000","a00RB00002B5oLGYAZ"
"a03RB00001NswkGYAR","a04RB00000kUAPGYA4","CN-00000104","Invoice","年","2026/12","2026-05-20","-7","","8000","a00RB00002B5oLGYAZ"
"a03RB00001NswkHYAR","a04RB00000kUAPGYA4","CN-00000104","Invoice","年","2027/01","2026-05-20","-8","","8000","a00RB00002B5oLGYAZ"
"a03RB00001NswkIYAR","a04RB00000kUAPGYA4","CN-00000104","Invoice","年","2027/02","2026-05-20","-9","","8000","a00RB00002B5oLGYAZ"
"a03RB00001NswkJYAR","a04RB00000kUAPGYA4","CN-00000104","Invoice","年","2027/03","2026-05-20","-10","","8000","a00RB00002B5oLGYAZ"
"a03RB00001NswkKYAR","a04RB00000kUAPGYA4","CN-00000104","Invoice","年","2027/04","2026-05-20","-11","","8000","a00RB00002B5oLGYAZ"
"a03RB00001NswgCYAR","a04RB00000kUAObYAO","CN-00000063","Invoice","年","2025/09","2026-07-20","10","[代理販売20%] Rendery Proプラン","88000","a00RB00002B5oLLYAZ"
"a03RB00001NswgDYAR","a04RB00000kUAObYAO","CN-00000063","Invoice","年","2025/10","2026-07-20","9","[代理販売20%] Rendery Proプラン","88000","a00RB00002B5oLLYAZ"
"a03RB00001NswgEYAR","a04RB00000kUAObYAO","CN-00000063","Invoice","年","2025/11","2026-07-20","8","[代理販売20%] Rendery Proプラン","88000","a00RB00002B5oLLYAZ"
"a03RB00001NswgFYAR","a04RB00000kUAObYAO","CN-00000063","Invoice","年","2025/12","2026-07-20","7","[代理販売20%] Rendery Proプラン","88000","a00RB00002B5oLLYAZ"
"a03RB00001NswgGYAR","a04RB00000kUAObYAO","CN-00000063","Invoice","年","2026/01","2026-07-20","6","[代理販売20%] Rendery Proプラン","88000","a00RB00002B5oLLYAZ"
"a03RB00001NswgHYAR","a04RB00000kUAObYAO","CN-00000063","Invoice","年","2026/02","2026-07-20","5","[代理販売20%] Rendery Proプラン","88000","a00RB00002B5oLLYAZ"
"a03RB00001NswgIYAR","a04RB00000kUAObYAO","CN-00000063","Invoice","年","2026/03","2026-07-20","4","[代理販売20%] Rendery Proプラン","88000","a00RB00002B5oLLYAZ"
"a03RB00001NswgJYAR","a04RB00000kUAObYAO","CN-00000063","Invoice","年","2026/04","2026-07-20","3","[代理販売20%] Rendery Proプラン","88000","a00RB00002B5oLLYAZ"
"a03RB00001NswgKYAR","a04RB00000kUAObYAO","CN-00000063","Invoice","年","2026/05","2026-07-20","2","[代理販売20%] Rendery Proプラン","88000","a00RB00002B5oLLYAZ"
"a03RB00001NswVTYAZ","a04RB00000kUANhYAO","CN-00000007","Invoice","年","2024/09","2026-04-20","19","","8000","a00RB00002B5oL9YAJ"
"a03RB00001NswVUYAZ","a04RB00000kUANhYAO","CN-00000007","Invoice","年","2024/10","2026-04-20","18","","8000","a00RB00002B5oL9YAJ"
"a03RB00001NswVVYAZ","a04RB00000kUANhYAO","CN-00000007","Invoice","年","2024/11","2026-04-20","17","","8000","a00RB00002B5oL9YAJ"
"a03RB00001NswVWYAZ","a04RB00000kUANhYAO","CN-00000007","Invoice","年","2024/12","2026-04-20","16","","8000","a00RB00002B5oL9YAJ"
"a03RB00001NswVXYAZ","a04RB00000kUANhYAO","CN-00000007","Invoice","年","2025/01","2026-04-20","15","","8000","a00RB00002B5oL9YAJ"
"a03RB00001NswVYYAZ","a04RB00000kUANhYAO","CN-00000007","Invoice","年","2025/02","2026-04-20","14","","8000","a00RB00002B5oL9YAJ"
"a03RB00001NswVZYAZ","a04RB00000kUANhYAO","CN-00000007","Invoice","年","2025/03","2026-04-20","13","","8000","a00RB00002B5oL9YAJ"
"a03RB00001NswVaYAJ","a04RB00000kUANhYAO","CN-00000007","Invoice","年","2025/04","2026-04-20","12","","8000","a00RB00002B5oL9YAJ"
"a03RB00001NswVbYAJ","a04RB00000kUANhYAO","CN-00000007","Invoice","年","2025/07","2026-04-20","9","","8000","a00RB00002B5oL9YAJ"
"a03RB00001NswVcYAJ","a04RB00000kUANhYAO","CN-00000007","Invoice","年","2025/08","2026-04-20","8","","72000","a00RB00002B5oL9YAJ"
"a03RB00001NswVdYAJ","a04RB00000kUANhYAO","CN-00000007","Invoice","年","2025/09","2026-04-20","7","","","a00RB00002B5oL9YAJ"
"a03RB00001NswVeYAJ","a04RB00000kUANhYAO","CN-00000007","Invoice","年","2025/10","2026-04-20","6","","","a00RB00002B5oL9YAJ"
"a03RB00001NswVfYAJ","a04RB00000kUANhYAO","CN-00000007","Invoice","年","2025/11","2026-04-20","5","","","a00RB00002B5oL9YAJ"
"a03RB00001NswVgYAJ","a04RB00000kUANhYAO","CN-00000007","Invoice","年","2025/12","2026-04-20","4","","","a00RB00002B5oL9YAJ"
"a03RB00001NswVhYAJ","a04RB00000kUANhYAO","CN-00000007","Invoice","年","2026/01","2026-04-20","3","","","a00RB00002B5oL9YAJ"
"a03RB00001NswViYAJ","a04RB00000kUANhYAO","CN-00000007","Invoice","年","2026/02","2026-04-20","2","","","a00RB00002B5oL9YAJ"
"a03RB00001NswVmYAJ","a04RB00000kUANhYAO","CN-00000007","Invoice","年","2026/06","2026-04-20","-2","","8000","a00RB00002B5oL9YAJ"
"a03RB00001NswVnYAJ","a04RB00000kUANhYAO","CN-00000007","Invoice","年","2026/07","2026-04-20","-3","","8000","a00RB00002B5oL9YAJ"
"a03RB00001NswVoYAJ","a04RB00000kUANhYAO","CN-00000007","Invoice","年","2026/08","2026-04-20","-4","","8000","a00RB00002B5oL9YAJ"
"a03RB00001NswVpYAJ","a04RB00000kUANhYAO","CN-00000007","Invoice","年","2026/09","2026-04-20","-5","","8000","a00RB00002B5oL9YAJ"
"a03RB00001NswVqYAJ","a04RB00000kUANhYAO","CN-00000007","Invoice","年","2026/10","2026-04-20","-6","","8000","a00RB00002B5oL9YAJ"
"a03RB00001NswVrYAJ","a04RB00000kUANhYAO","CN-00000007","Invoice","年","2026/11","2026-04-20","-7","","8000","a00RB00002B5oL9YAJ"
"a03RB00001NswVsYAJ","a04RB00000kUANhYAO","CN-00000007","Invoice","年","2026/12","2026-04-20","-8","","8000","a00RB00002B5oL9YAJ"
"a03RB00001NswVtYAJ","a04RB00000kUANhYAO","CN-00000007","Invoice","年","2027/01","2026-04-20","-9","","8000","a00RB00002B5oL9YAJ"
"a03RB00001NswVuYAJ","a04RB00000kUANhYAO","CN-00000007","Invoice","年","2027/02","2026-04-20","-10","","8000","a00RB00002B5oL9YAJ"
"a03RB00001NswVvYAJ","a04RB00000kUANhYAO","CN-00000007","Invoice","年","2027/03","2026-04-20","-11","","8000","a00RB00002B5oL9YAJ"
"a03RB00001Nswi5YAB","a04RB00000kUAOqYAO","CN-00000078","Invoice","年","2026/02","2026-05-20","3","","195000","a00RB00002B5oLFYAZ"
"a03RB00001Nswi6YAB","a04RB00000kUAOqYAO","CN-00000078","Invoice","年","2026/03","2026-05-20","2","","195000","a00RB00002B5oLFYAZ"
"a03RB00001Nswi9YAB","a04RB00000kUAOqYAO","CN-00000078","Invoice","年","2026/07","2026-05-20","-2","","140000","a00RB00002B5oLFYAZ"
"a03RB00001NswiAYAR","a04RB00000kUAOqYAO","CN-00000078","Invoice","年","2026/08","2026-05-20","-3","","140000","a00RB00002B5oLFYAZ"
"a03RB00001NswiBYAR","a04RB00000kUAOqYAO","CN-00000078","Invoice","年","2026/09","2026-05-20","-4","","140000","a00RB00002B5oLFYAZ"
"a03RB00001NswiCYAR","a04RB00000kUAOqYAO","CN-00000078","Invoice","年","2026/10","2026-05-20","-5","","140000","a00RB00002B5oLFYAZ"
"a03RB00001NswiDYAR","a04RB00000kUAOqYAO","CN-00000078","Invoice","年","2026/11","2026-05-20","-6","","140000","a00RB00002B5oLFYAZ"
"a03RB00001NswiEYAR","a04RB00000kUAOqYAO","CN-00000078","Invoice","年","2026/12","2026-05-20","-7","","140000","a00RB00002B5oLFYAZ"
"a03RB00001NswiFYAR","a04RB00000kUAOqYAO","CN-00000078","Invoice","年","2027/01","2026-05-20","-8","","140000","a00RB00002B5oLFYAZ"
"a03RB00001NswiGYAR","a04RB00000kUAOqYAO","CN-00000078","Invoice","年","2027/02","2026-05-20","-9","","140000","a00RB00002B5oLFYAZ"
"a03RB00001NswiHYAR","a04RB00000kUAOqYAO","CN-00000078","Invoice","年","2027/03","2026-05-20","-10","","140000","a00RB00002B5oLFYAZ"
"a03RB00001NswiIYAR","a04RB00000kUAOqYAO","CN-00000078","Invoice","年","2027/04","2026-05-20","-11","","140000","a00RB00002B5oLFYAZ"
"a03RB00001NswkQYAR","a04RB00000kUAPJYA4","CN-00000107","Invoice","年","2026/08","2026-06-20","-2","","70000","a00RB00002B5oL3YAJ"
"a03RB00001NswkRYAR","a04RB00000kUAPJYA4","CN-00000107","Invoice","年","2026/09","2026-06-20","-3","","70000","a00RB00002B5oL3YAJ"
"a03RB00001NswkSYAR","a04RB00000kUAPJYA4","CN-00000107","Invoice","年","2026/10","2026-06-20","-4","","70000","a00RB00002B5oL3YAJ"
"a03RB00001NswkTYAR","a04RB00000kUAPJYA4","CN-00000107","Invoice","年","2026/11","2026-06-20","-5","","70000","a00RB00002B5oL3YAJ"
"a03RB00001NswkUYAR","a04RB00000kUAPJYA4","CN-00000107","Invoice","年","2026/12","2026-06-20","-6","","70000","a00RB00002B5oL3YAJ"
"a03RB00001NswkVYAR","a04RB00000kUAPJYA4","CN-00000107","Invoice","年","2027/01","2026-06-20","-7","","70000","a00RB00002B5oL3YAJ"
"a03RB00001NswkWYAR","a04RB00000kUAPJYA4","CN-00000107","Invoice","年","2027/02","2026-06-20","-8","","70000","a00RB00002B5oL3YAJ"
"a03RB00001NswkXYAR","a04RB00000kUAPJYA4","CN-00000107","Invoice","年","2027/03","2026-06-20","-9","","70000","a00RB00002B5oL3YAJ"
"a03RB00001NswkYYAR","a04RB00000kUAPJYA4","CN-00000107","Invoice","年","2027/04","2026-06-20","-10","","70000","a00RB00002B5oL3YAJ"
"a03RB00001NswkZYAR","a04RB00000kUAPJYA4","CN-00000107","Invoice","年","2027/05","2026-06-20","-11","","70000","a00RB00002B5oL3YAJ"
