"Id","ProductMaster__c","MRR_Target__c","ARR_Target__c","RevenueAmount__c"
"a03RB00001NswV9YAJ","","false","false",""
"a03RB00001NswVAYAZ","","false","false",""
"a03RB00001NswVBYAZ","","false","false",""
"a03RB00001NswVCYAZ","","false","false",""
"a03RB00001NswVDYAZ","","false","false",""
"a03RB00001NswVEYAZ","","false","false",""
"a03RB00001NswVFYAZ","","false","false",""
"a03RB00001NswVGYAZ","","false","false",""
"a03RB00001NswVHYAZ","","false","false",""
"a03RB00001NswVIYAZ","","false","false",""
"a03RB00001NswVJYAZ","","false","false",""
"a03RB00001NswVKYAZ","","false","false",""
"a03RB00001NswVLYAZ","","false","false",""
"a03RB00001NswVMYAZ","","false","false",""
"a03RB00001NswVNYAZ","","false","false",""
"a03RB00001NswVOYAZ","","false","false",""
"a03RB00001RcABEYA3","","false","false","11000"
"a03RB00001STmGqYAL","","false","false","11000"
"a03RB00001NswVTYAZ","","false","false",""
"a03RB00001NswVUYAZ","","false","false",""
"a03RB00001NswVVYAZ","","false","false",""
"a03RB00001NswVWYAZ","","false","false",""
"a03RB00001NswVXYAZ","","false","false",""
"a03RB00001NswVYYAZ","","false","false",""
"a03RB00001NswVZYAZ","","false","false",""
"a03RB00001NswVaYAJ","","false","false",""
"a03RB00001NswVbYAJ","","false","false",""
"a03RB00001NswVmYAJ","","false","false",""
"a03RB00001NswVnYAJ","","false","false",""
"a03RB00001NswVoYAJ","","false","false",""
"a03RB00001NswVpYAJ","","false","false",""
"a03RB00001NswVqYAJ","","false","false",""
"a03RB00001NswVrYAJ","","false","false",""
"a03RB00001NswVsYAJ","","false","false",""
"a03RB00001NswVtYAJ","","false","false",""
"a03RB00001NswVuYAJ","","false","false",""
"a03RB00001NswVvYAJ","","false","false",""
"a03RB00001NswWnYAJ","","false","false",""
"a03RB00001NswWoYAJ","","false","false",""
"a03RB00001NswWpYAJ","","false","false",""
"a03RB00001NswWqYAJ","","false","false",""
"a03RB00001NswWrYAJ","","false","false",""
"a03RB00001NswWsYAJ","","false","false",""
"a03RB00001NswWtYAJ","","false","false",""
"a03RB00001NswWuYAJ","","false","false",""
"a03RB00001NswWvYAJ","","false","false",""
"a03RB00001NswWwYAJ","","false","false",""
"a03RB00001NswWxYAJ","","false","false",""
"a03RB00001NswWyYAJ","","false","false",""
"a03RB00001NswWzYAJ","","false","false",""
"a03RB00001NswX0YAJ","","false","false",""
"a03RB00001NswX1YAJ","","false","false",""
"a03RB00001NswX2YAJ","","false","false",""
"a03RB00001NswX3YAJ","","false","false",""
"a03RB00001STmGtYAL","","false","false","8000"
"a03RB00001NswZ4YAJ","","false","false",""
"a03RB00001NswZ5YAJ","","false","false",""
"a03RB00001NswZ6YAJ","","false","false",""
"a03RB00001NswZ7YAJ","","false","false",""
"a03RB00001NswZ8YAJ","","false","false",""
"a03RB00001NswZ9YAJ","","false","false",""
"a03RB00001NswZAYAZ","","false","false",""
"a03RB00001NswZBYAZ","","false","false",""
"a03RB00001NswZCYAZ","","false","false",""
"a03RB00001NswZDYAZ","","false","false",""
"a03RB00001NswZEYAZ","","false","false",""
"a03RB00001NswZFYAZ","","false","false",""
"a03RB00001NswZGYAZ","","false","false",""
"a03RB00001NswZHYAZ","","false","false",""
"a03RB00001STmGwYAL","","false","false","8000"
"a03RB00001Nswa5YAB","","false","false",""
"a03RB00001Nswa6YAB","","false","false",""
"a03RB00001Nswa7YAB","","false","false",""
"a03RB00001Nswa8YAB","","false","false",""
"a03RB00001Nswa9YAB","","false","false",""
"a03RB00001NswaAYAR","","false","false",""
"a03RB00001NswaBYAR","","false","false",""
"a03RB00001NswaCYAR","","false","false",""
"a03RB00001NswaDYAR","","false","false",""
"a03RB00001STmGzYAL","","false","false","55000"
"a03RB00001NswaHYAR","","false","false",""
"a03RB00001NswaIYAR","","false","false",""
"a03RB00001NswaJYAR","","false","false",""
"a03RB00001NswaKYAR","","false","false",""
"a03RB00001NswaLYAR","","false","false",""
"a03RB00001NswaMYAR","","false","false",""
"a03RB00001NswaNYAR","","false","false",""
"a03RB00001NswaOYAR","","false","false",""
"a03RB00001NswaPYAR","","false","false",""
"a03RB00001NswaQYAR","","false","false",""
"a03RB00001NswaRYAR","","false","false",""
"a03RB00001STmH0YAL","","false","false","16000"
"a03RB00001NswbJYAR","","false","false",""
"a03RB00001NswbKYAR","","false","false",""
"a03RB00001NswbLYAR","","false","false",""
"a03RB00001NswbMYAR","","false","false",""
"a03RB00001NswbNYAR","","false","false",""
"a03RB00001NswbOYAR","","false","false",""
"a03RB00001NswbPYAR","","false","false",""
"a03RB00001NswbQYAR","","false","false",""
"a03RB00001NswbRYAR","","false","false",""
"a03RB00001NswbSYAR","","false","false",""
"a03RB00001NswbTYAR","","false","false",""
"a03RB00001STmH1YAL","","false","false","8000"
"a03RB00001NswcLYAR","","false","false",""
"a03RB00001NswcMYAR","","false","false",""
"a03RB00001NswcNYAR","","false","false",""
"a03RB00001NswcOYAR","","false","false",""
"a03RB00001NswcPYAR","","false","false",""
"a03RB00001NswcQYAR","","false","false",""
"a03RB00001NswcRYAR","","false","false",""
"a03RB00001NswcSYAR","","false","false",""
"a03RB00001NswcTYAR","","false","false",""
"a03RB00001NswcUYAR","","false","false",""
"a03RB00001STmH4YAL","","false","false","8000"
"a03RB00001NsweUYAR","","false","false",""
"a03RB00001NsweVYAR","","false","false",""
"a03RB00001NsweWYAR","","false","false",""
"a03RB00001NsweXYAR","","false","false",""
"a03RB00001NsweYYAR","","false","false",""
"a03RB00001NsweZYAR","","false","false",""
"a03RB00001STmH9YAL","","false","false","55000"
"a03RB00001STmHQYA1","","false","false","40000"
"a03RB00001STmHZYA1","","false","false","8000"
"a03RB00001STmHbYAL","","false","false","8000"
"a03RB00001STmHcYAL","","false","false","8000"
"a03RB00001RcACIYA3","","false","false","32000"
"a03RB00001STmHdYAL","","false","false","32000"
"a03RB00001NswljYAB","","false","false",""
"a03RB00001NswlkYAB","","false","false",""
"a03RB00001NswllYAB","","false","false",""
"a03RB00001NswlmYAB","","false","false",""
"a03RB00001NswlnYAB","","false","false",""
"a03RB00001NswloYAB","","false","false",""
"a03RB00001NswlpYAB","","false","false",""
"a03RB00001NswlqYAB","","false","false",""
"a03RB00001NswlrYAB","","false","false",""
"a03RB00001NswlsYAB","","false","false",""
"a03RB00001NswltYAB","","false","false",""
"a03RB00001NswluYAB","","false","false",""
"a03RB00001NswlvYAB","","false","false",""
"a03RB00001NswlwYAB","","false","false",""
"a03RB00001NswlxYAB","","false","false",""
"a03RB00001NswlyYAB","","false","false",""
"a03RB00001NswlzYAB","","false","false",""
"a03RB00001Nswm0YAB","","false","false",""
"a03RB00001Nsws9YAB","","false","false",""
"a03RB00001NswsAYAR","","false","false",""
"a03RB00001NswsBYAR","","false","false",""
"a03RB00001NswsCYAR","","false","false",""
"a03RB00001NswsDYAR","","false","false",""
"a03RB00001NswsEYAR","","false","false",""
"a03RB00001STmHuYAL","","false","false","55000"
