"Id","Name","Month","Amount","Invoice","ProductMaster","ProductName","Rule"
"a03RB00001NswVSYAZ","東急株式会社_2026/05","2026/05","11000","a00RB00002Am2B3YAJ","a0CRB0000CcXZ6T2QW","[OLD] Rendery Enterpriseプラン(2025年9月まで)","同一契約・同一取引先・請求月差1か月以内・明細金額一致・商品候補1件"
"a03RB00001NswX4YAJ","ムゲンエステート_2026/03","2026/03","8000","a00RB00002Am2BJYAZ","a0CRB0000CcXZ6Q2QW","Rendery Proプラン","同一契約・同一取引先・請求月差1か月以内・明細金額一致・商品候補1件"
"a03RB00001NswX5YAJ","ムゲンエステート_2026/04","2026/04","8000","a00RB00002Am2AZYAZ","a0CRB0000CcXZ6Q2QW","Rendery Proプラン","同一契約・同一取引先・請求月差1か月以内・明細金額一致・商品候補1件"
"a03RB00001NswX6YAJ","ムゲンエステート_2026/05","2026/05","8000","a00RB00002Am2B2YAJ","a0CRB0000CcXZ6Q2QW","Rendery Proプラン","同一契約・同一取引先・請求月差1か月以内・明細金額一致・商品候補1件"
"a03RB00001NswZIYAZ","株式会社TRIAD_2026/03","2026/03","8000","a00RB00002Am2BIYAZ","a0CRB0000CcXZ6Q2QW","Rendery Proプラン","同一契約・同一取引先・請求月差1か月以内・明細金額一致・商品候補1件"
"a03RB00001NswZJYAZ","株式会社TRIAD_2026/04","2026/04","8000","a00RB00002Am2BGYAZ","a0CRB0000CcXZ6Q2QW","Rendery Proプラン","同一契約・同一取引先・請求月差1か月以内・明細金額一致・商品候補1件"
"a03RB00001NswZKYAZ","株式会社TRIAD_2026/05","2026/05","8000","a00RB00002Am2B1YAJ","a0CRB0000CcXZ6Q2QW","Rendery Proプラン","同一契約・同一取引先・請求月差1か月以内・明細金額一致・商品候補1件"
"a03RB00001Nswa0YAB","戸田建設(設計部:月額)_2026/04","2026/04","55000","a00RB00002Am2AbYAJ","a0CRB0000CcXZ6T2QW","[OLD] Rendery Enterpriseプラン(2025年9月まで)","同一契約・同一取引先・請求月差1か月以内・明細金額一致・商品候補1件"
"a03RB00001Nswa1YAB","戸田建設(設計部:月額)_2026/05","2026/05","55000","a00RB00002Am2B4YAJ","a0CRB0000CcXZ6T2QW","[OLD] Rendery Enterpriseプラン(2025年9月まで)","同一契約・同一取引先・請求月差1か月以内・明細金額一致・商品候補1件"
"a03RB00001NswaEYAR","47内装株式会社_2026/03","2026/03","55000","a00RB00002Am2BHYAZ","a0CRB0000CcXZ6T2QW","[OLD] Rendery Enterpriseプラン(2025年9月まで)","同一契約・同一取引先・請求月差1か月以内・明細金額一致・商品候補1件"
"a03RB00001NswaFYAR","47内装株式会社_2026/04","2026/04","55000","a00RB00002Am2BFYAZ","a0CRB0000CcXZ6T2QW","[OLD] Rendery Enterpriseプラン(2025年9月まで)","同一契約・同一取引先・請求月差1か月以内・明細金額一致・商品候補1件"
"a03RB00001NswaGYAR","47内装株式会社_2026/05","2026/05","55000","a00RB00002Am2B0YAJ","a0CRB0000CcXZ6T2QW","[OLD] Rendery Enterpriseプラン(2025年9月まで)","同一契約・同一取引先・請求月差1か月以内・明細金額一致・商品候補1件"
"a03RB00001NswaSYAR","ANAスカイビルサービス株式会社 ※郵送希望_2026/03","2026/03","16000","a00RB00002Am2AYYAZ","a0CRB0000CcXZ6Q2QW","Rendery Proプラン","同一契約・同一取引先・請求月差1か月以内・明細金額一致・商品候補1件"
"a03RB00001NswaTYAR","ANAスカイビルサービス株式会社 ※郵送希望_2026/04","2026/04","16000","a00RB00002Am2BEYAZ","a0CRB0000CcXZ6Q2QW","Rendery Proプラン","同一契約・同一取引先・請求月差1か月以内・明細金額一致・商品候補1件"
"a03RB00001NswaUYAR","ANAスカイビルサービス株式会社 ※郵送希望_2026/05","2026/05","16000","a00RB00002Am2AzYAJ","a0CRB0000CcXZ6Q2QW","Rendery Proプラン","同一契約・同一取引先・請求月差1か月以内・明細金額一致・商品候補1件"
"a03RB00001NswbUYAR","吉村紳 一級建築士事務所_2026/03","2026/03","8000","a00RB00002Am2AXYAZ","a0CRB0000CcXZ6Q2QW","Rendery Proプラン","同一契約・同一取引先・請求月差1か月以内・明細金額一致・商品候補1件"
"a03RB00001NswbVYAR","吉村紳 一級建築士事務所_2026/04","2026/04","8000","a00RB00002Am2BDYAZ","a0CRB0000CcXZ6Q2QW","Rendery Proプラン","同一契約・同一取引先・請求月差1か月以内・明細金額一致・商品候補1件"
"a03RB00001NswbWYAR","吉村紳 一級建築士事務所_2026/05","2026/05","8000","a00RB00002Am2AyYAJ","a0CRB0000CcXZ6Q2QW","Rendery Proプラン","同一契約・同一取引先・請求月差1か月以内・明細金額一致・商品候補1件"
"a03RB00001NswcVYAR","野原グループ株式会社_2026/03","2026/03","8000","a00RB00002Am2AWYAZ","a0CRB0000CcXZ6Q2QW","Rendery Proプラン","同一契約・同一取引先・請求月差1か月以内・明細金額一致・商品候補1件"
"a03RB00001NswcWYAR","野原グループ株式会社_2026/04","2026/04","8000","a00RB00002Am2BCYAZ","a0CRB0000CcXZ6Q2QW","Rendery Proプラン","同一契約・同一取引先・請求月差1か月以内・明細金額一致・商品候補1件"
"a03RB00001NswcXYAR","野原グループ株式会社_2026/05","2026/05","8000","a00RB00002Am2AxYAJ","a0CRB0000CcXZ6Q2QW","Rendery Proプラン","同一契約・同一取引先・請求月差1か月以内・明細金額一致・商品候補1件"
"a03RB00001NsweaYAB","JOA株式会社_2026/03","2026/03","55000","a00RB00002Am2BMYAZ","a0CRB0000CcXZ6T2QW","[OLD] Rendery Enterpriseプラン(2025年9月まで)","同一契約・同一取引先・請求月差1か月以内・明細金額一致・商品候補1件"
"a03RB00001NswebYAB","JOA株式会社_2026/04","2026/04","55000","a00RB00002Am2AcYAJ","a0CRB0000CcXZ6T2QW","[OLD] Rendery Enterpriseプラン(2025年9月まで)","同一契約・同一取引先・請求月差1か月以内・明細金額一致・商品候補1件"
"a03RB00001NswecYAB","JOA株式会社_2026/05","2026/05","55000","a00RB00002Am2B5YAJ","a0CRB0000CcXZ6T2QW","[OLD] Rendery Enterpriseプラン(2025年9月まで)","同一契約・同一取引先・請求月差1か月以内・明細金額一致・商品候補1件"
"a03RB00001Nswh7YAB","三菱地所レジデンス株式会社_2026/03","2026/03","16000","a00RB00002Am2BOYAZ","a0CRB0000CcXZ6Q2QW","Rendery Proプラン","同一契約・同一取引先・請求月差1か月以内・明細金額一致・商品候補1件"
"a03RB00001Nswh8YAB","三菱地所レジデンス株式会社_2026/04","2026/04","16000","a00RB00002Am2AgYAJ","a0CRB0000CcXZ6Q2QW","Rendery Proプラン","同一契約・同一取引先・請求月差1か月以内・明細金額一致・商品候補1件"
"a03RB00001Nswh9YAB","三菱地所レジデンス株式会社_2026/05","2026/05","16000","a00RB00002Am2B7YAJ","a0CRB0000CcXZ6Q2QW","Rendery Proプラン","同一契約・同一取引先・請求月差1か月以内・明細金額一致・商品候補1件"
"a03RB00001NswjAYAR","株式会社紀伊國屋書店_2026/04","2026/04","40000","a00RB00002Am2ApYAJ","a0CRB0000CcXZ6Q2QW","Rendery Proプラン","同一契約・同一取引先・請求月差1か月以内・明細金額一致・商品候補1件"
"a03RB00001NswjBYAR","株式会社紀伊國屋書店_2026/05","2026/05","40000","a00RB00002Am2AsYAJ","a0CRB0000CcXZ6Q2QW","Rendery Proプラン","同一契約・同一取引先・請求月差1か月以内・明細金額一致・商品候補1件"
"a03RB00001NswjgYAB","株式会社ルミネ_2026/04","2026/04","8000","a00RB00002Am2AqYAJ","a0CRB0000CcXZ6Q2QW","Rendery Proプラン","同一契約・同一取引先・請求月差1か月以内・明細金額一致・商品候補1件"
"a03RB00001NswjhYAB","株式会社ルミネ_2026/05","2026/05","8000","a00RB00002Am2AuYAJ","a0CRB0000CcXZ6Q2QW","Rendery Proプラン","同一契約・同一取引先・請求月差1か月以内・明細金額一致・商品候補1件"
"a03RB00001NswkLYAR","西日本旅客鉄道株式会社 ビジネスデザイン部 JCLaaS事業部_2026/05","2026/05","8000","a00RB00002Am2B9YAJ","a0CRB0000CcXZ6Q2QW","Rendery Proプラン","同一契約・同一取引先・請求月差1か月以内・明細金額一致・商品候補1件"
"a03RB00001NswlgYAB","ハウスプラザ_2026/03","2026/03","11000","a00RB00002AyetaYAB","a0CRB0000CcXZ6i2QG","knock knock AI Basicプラン(50クレジット)","同一契約・同一取引先・請求月差1か月以内・明細金額一致・商品候補1件"
"a03RB00001NswlhYAB","ハウスプラザ_2026/04","2026/04","11000","a00RB00002AyethYAB","a0CRB0000CcXZ6i2QG","knock knock AI Basicプラン(50クレジット)","同一契約・同一取引先・請求月差1か月以内・明細金額一致・商品候補1件"
"a03RB00001NswliYAB","ハウスプラザ_2026/05","2026/05","11000","a00RB00002AyeteYAB","a0CRB0000CcXZ6i2QG","knock knock AI Basicプラン(50クレジット)","同一契約・同一取引先・請求月差1か月以内・明細金額一致・商品候補1件"
"a03RB00001NswmKYAR","株式会社イーグランド_2026/03","2026/03","11000","a00RB00002AyetZYAR","a0CRB0000CcXZ6i2QG","knock knock AI Basicプラン(50クレジット)","同一契約・同一取引先・請求月差1か月以内・明細金額一致・商品候補1件"
"a03RB00001NswmLYAR","株式会社イーグランド_2026/04","2026/04","11000","a00RB00002AyetgYAB","a0CRB0000CcXZ6i2QG","knock knock AI Basicプラン(50クレジット)","同一契約・同一取引先・請求月差1か月以内・明細金額一致・商品候補1件"
"a03RB00001NswmMYAR","株式会社イーグランド_2026/05","2026/05","11000","a00RB00002AyetdYAB","a0CRB0000CcXZ6i2QG","knock knock AI Basicプラン(50クレジット)","同一契約・同一取引先・請求月差1か月以内・明細金額一致・商品候補1件"
"a03RB00001Nswn4YAB","株式会社穂積住宅_2026/03","2026/03","33000","a00RB00002AyE69YAF","a0CRB0000CcXZ6i2QG","knock knock AI Basicプラン(50クレジット)","同一契約・同一取引先・請求月差1か月以内・明細金額一致・商品候補1件"
"a03RB00001Nswn5YAB","株式会社穂積住宅_2026/04","2026/04","33000","a00RB00002AyE6GYAV","a0CRB0000CcXZ6i2QG","knock knock AI Basicプラン(50クレジット)","同一契約・同一取引先・請求月差1か月以内・明細金額一致・商品候補1件"
"a03RB00001NswomYAB","株式会社エージェント_2026/03","2026/03","11000","a00RB00002B0dy7YAB","a0CRB0000CcXZ6i2QG","knock knock AI Basicプラン(50クレジット)","同一契約・同一取引先・請求月差1か月以内・明細金額一致・商品候補1件"
"a03RB00001NswonYAB","株式会社エージェント_2026/04","2026/04","11000","a00RB00002B0dy5YAB","a0CRB0000CcXZ6i2QG","knock knock AI Basicプラン(50クレジット)","同一契約・同一取引先・請求月差1か月以内・明細金額一致・商品候補1件"
"a03RB00001NswooYAB","株式会社エージェント_2026/05","2026/05","11000","a00RB00002B0dy6YAB","a0CRB0000CcXZ6i2QG","knock knock AI Basicプラン(50クレジット)","同一契約・同一取引先・請求月差1か月以内・明細金額一致・商品候補1件"
"a03RB00001NswpEYAR","株式会社博進コスモプラザ_2026/03","2026/03","11000","a00RB00002AyetYYAR","a0CRB0000CcXZ6i2QG","knock knock AI Basicプラン(50クレジット)","同一契約・同一取引先・請求月差1か月以内・明細金額一致・商品候補1件"
"a03RB00001NswpFYAR","株式会社博進コスモプラザ_2026/04","2026/04","11000","a00RB00002AyetfYAB","a0CRB0000CcXZ6i2QG","knock knock AI Basicプラン(50クレジット)","同一契約・同一取引先・請求月差1か月以内・明細金額一致・商品候補1件"
"a03RB00001NswpGYAR","株式会社博進コスモプラザ_2026/05","2026/05","11000","a00RB00002AyetcYAB","a0CRB0000CcXZ6i2QG","knock knock AI Basicプラン(50クレジット)","同一契約・同一取引先・請求月差1か月以内・明細金額一致・商品候補1件"
"a03RB00001NswrkYAB","ホームトレードセンター株式会社_2026/03","2026/03","11000","a00RB00002AyE6HYAV","a0CRB0000CcXZ6i2QG","knock knock AI Basicプラン(50クレジット)","同一契約・同一取引先・請求月差1か月以内・明細金額一致・商品候補1件"
"a03RB00001NswrlYAB","ホームトレードセンター株式会社_2026/04","2026/04","11000","a00RB00002AyE6AYAV","a0CRB0000CcXZ6i2QG","knock knock AI Basicプラン(50クレジット)","同一契約・同一取引先・請求月差1か月以内・明細金額一致・商品候補1件"
"a03RB00001NswruYAB","株式会社アズスタット_2026/03","2026/03","11000","a00RB00002AyE6IYAV","a0CRB0000CcXZ6i2QG","knock knock AI Basicプラン(50クレジット)","同一契約・同一取引先・請求月差1か月以内・明細金額一致・商品候補1件"
"a03RB00001NswrvYAB","株式会社アズスタット_2026/04","2026/04","11000","a00RB00002AyE6BYAV","a0CRB0000CcXZ6i2QG","knock knock AI Basicプラン(50クレジット)","同一契約・同一取引先・請求月差1か月以内・明細金額一致・商品候補1件"
"a03RB00001NswsFYAR","株式会社レーベントラスト_2026/03","2026/03","55000","a00RB00002Am2BNYAZ","a0CRB0000CcXZ6j2QG","knock knock AI Proプラン(300クレジット)","同一契約・同一取引先・請求月差1か月以内・明細金額一致・商品候補1件"
"a03RB00001NswsGYAR","株式会社レーベントラスト_2026/04","2026/04","55000","a00RB00002Am2AdYAJ","a0CRB0000CcXZ6j2QG","knock knock AI Proプラン(300クレジット)","同一契約・同一取引先・請求月差1か月以内・明細金額一致・商品候補1件"
"a03RB00001NswsHYAR","株式会社レーベントラスト_2026/05","2026/05","55000","a00RB00002Am2B6YAJ","a0CRB0000CcXZ6j2QG","knock knock AI Proプラン(300クレジット)","同一契約・同一取引先・請求月差1か月以内・明細金額一致・商品候補1件"
"a03RB00001RIREeYAP","東急株式会社_2026/06","2026/06","11000","a00RB000027fzNXYAY","a0CRB0000CcXZ6T2QW","[OLD] Rendery Enterpriseプラン(2025年9月まで)","同一契約・同一取引先・請求月差1か月以内・明細金額一致・商品候補1件"
