Id,Name,ContractName__c,Account__c,Status__c,StartDate__c,EndDate__c,MRR__c,ARR__c,Payment__c,ContractUpdate__c,NextInvoiceCreationDate__c,RenewalStop__c,ProductCategory__c,PlanCategory__c,AccountCount__c,BillingControlSource__c,ContractNature__c,AutoCreatedFromFreee__c,CreatedDate,LastModifiedDate
a04RB00000kUANdYAO,CN-00000003,サンフロンティア不動産株式会社,001RB00001VTqlYYAT,Activated,2024-06-01,,64000,768000,Invoice,月,,false,Rendery,Pro,8,,,false,2026-06-21T16:07:45.000+0000,2026-07-19T06:32:00.000+0000
a04RB00000kUANeYAO,CN-00000004,東急不動産株式会社,001RB00001VTqUVYA1,解約,2024-08-01,2026-06-01,209000,2508000,Invoice,月,,false,,,,,,false,2026-06-21T16:07:45.000+0000,2026-06-21T16:07:45.000+0000
a04RB00000kUANfYAO,CN-00000005,株式会社 ノムラメディアス,001RB00001VTCZGYA5,解約,2024-08-01,2025-02-01,104000,1248000,Invoice,月,,false,,,,,,false,2026-06-21T16:07:45.000+0000,2026-06-21T16:07:45.000+0000
a04RB00000kUANgYAO,CN-00000006,東急株式会社,001RB00001VTrs0YAD,Activated,2024-10-01,,11000,132000,Invoice,月,,false,Rendery,Enterprise,1,,,false,2026-06-21T16:07:45.000+0000,2026-07-19T06:32:00.000+0000
a04RB00000kUANhYAO,CN-00000007,東急建設 ○独特の請求書式あり,001RB00001VTrseYAD,Activated,2024-09-01,,8000,96000,Invoice,年,,false,Rendery,Pro,1,,,false,2026-06-21T16:07:45.000+0000,2026-07-28T06:55:55.000+0000
a04RB00000kUANiYAO,CN-00000008,株式会社フロンティアコンサルティング,001RB00001VTqlHYAT,Activated,2024-08-01,,550000,6600000,Invoice,月,,false,Rendery,Enterprise,50,,,false,2026-06-21T16:07:45.000+0000,2026-07-19T06:32:00.000+0000
a04RB00000kUANjYAO,CN-00000009,前田工務店,001RB00001VTCYmYAP,Activated,2024-10-01,,8000,96000,Invoice,月,,false,Rendery,Enterprise,5,,,false,2026-06-21T16:07:45.000+0000,2026-07-28T06:55:55.000+0000
a04RB00000kUANkYAO,CN-00000010,東京建物,001RB00001VTqf9YAD,解約,2024-09-01,2024-12-01,110000,1320000,Invoice,月,,false,,,,,,false,2026-06-21T16:07:45.000+0000,2026-06-21T16:07:45.000+0000
a04RB00000kUANlYAO,CN-00000011,三井デザインテック,001RB00001VTrtaYAD,解約,2024-09-01,2025-03-01,20000,240000,Invoice,月,,false,,,,,,false,2026-06-21T16:07:45.000+0000,2026-06-21T16:07:45.000+0000
a04RB00000kUANmYAO,CN-00000012,ムゲンエステート,001RB00001VTqlOYAT,Activated,2024-10-01,,8000,96000,Invoice,月,,false,Rendery,Pro,1,,,false,2026-06-21T16:07:45.000+0000,2026-07-19T06:32:00.000+0000
a04RB00000kUANnYAO,CN-00000013,studio55,001RB00001VTrOjYAL,Activated,2024-09-01,,,,Invoice,月,,false,,,,,,false,2026-06-21T16:07:45.000+0000,2026-06-21T16:07:45.000+0000
a04RB00000kUANoYAO,CN-00000014,コクヨ,001RB00001VTCZ9YAP,解約,2024-11-01,2025-03-01,55000,660000,Invoice,月,,false,,,,,,false,2026-06-21T16:07:45.000+0000,2026-06-21T16:07:45.000+0000
a04RB00000kUANpYAO,CN-00000015,戸田建設(開発推進部:年額),001RB00001VTrmnYAD,解約,2024-11-01,2026-01-01,22000,264000,Invoice,月,,false,,,,,,false,2026-06-21T16:07:45.000+0000,2026-06-21T16:07:45.000+0000
a04RB00000kUANqYAO,CN-00000016,東急リゾーツ＆ステイ,001RB00001VTrkXYAT,Activated,2024-11-01,,44000,528000,Invoice,月,,false,,,,,,false,2026-06-21T16:07:45.000+0000,2026-06-21T16:07:45.000+0000
a04RB00000kUANrYAO,CN-00000017,インフィニティ株式会社,001RB00001VTCYwYAP,解約,2024-11-01,2026-05-01,8000,96000,Invoice,月,,false,,,,,,false,2026-06-21T16:07:45.000+0000,2026-06-21T16:07:45.000+0000
a04RB00000kUANsYAO,CN-00000018,株式会社リノシスコーポレーション,001RB00001VTrtuYAD,解約,2024-10-01,2025-10-01,55000,660000,Invoice,月,,false,,,,,,false,2026-06-21T16:07:45.000+0000,2026-06-21T16:07:45.000+0000
a04RB00000kUANtYAO,CN-00000019,ジェイアール北海道エンジニアリング株式会社(大塚商会),001RB00001VTr0TYAT,Activated,2024-12-01,,6400,76800,Invoice,月,,false,,,,,,false,2026-06-21T16:07:45.000+0000,2026-06-21T16:07:45.000+0000
a04RB00000kUANuYAO,CN-00000020,リリカラ(大塚商会),001RB00001VTr1PYAT,Activated,2024-11-01,,12800,153600,Invoice,月,,false,,,,,,false,2026-06-21T16:07:45.000+0000,2026-06-21T16:07:45.000+0000
a04RB00000kUANvYAO,CN-00000021,株式会社イトーキ,001RB00001VTCYyYAP,解約,2024-12-01,2025-12-01,5000,60000,Invoice,月,,false,,,,,,false,2026-06-21T16:07:45.000+0000,2026-06-21T16:07:45.000+0000
a04RB00000kUANwYAO,CN-00000022,株式会社TRIAD,001RB00001VTqUoYAL,Activated,2025-01-01,,8000,96000,Invoice,月,,false,Rendery,Pro,1,,,false,2026-06-21T16:07:45.000+0000,2026-07-19T06:32:00.000+0000
a04RB00000kUANxYAO,CN-00000023,九州旅客鉄道株式会社　工事部施設課,001RB00001VTrOlYAL,Activated,2024-12-01,,8000,96000,Invoice,月,,false,,,,,,false,2026-06-21T16:07:45.000+0000,2026-06-21T16:07:45.000+0000
a04RB00000kUANyYAO,CN-00000024,株式会社オリバー,001RB00001VTqjbYAD,解約,2025-01-01,2025-07-01,21000,252000,Invoice,月,,false,,,,,,false,2026-06-21T16:07:45.000+0000,2026-06-21T16:07:45.000+0000
a04RB00000kUANzYAO,CN-00000025,アイリスチトセ株式会社,001RB00001VTqlZYAT,解約,2025-04-01,2025-05-01,16000,192000,Invoice,月,,false,,,,,,false,2026-06-21T16:07:45.000+0000,2026-06-21T16:07:45.000+0000
a04RB00000kUAO0YAO,CN-00000026,戸田建設(設計部:月額),001RB00001VTrmnYAD,Activated,2025-02-01,,55000,660000,Invoice,月,,false,Rendery,Enterprise,5,,,false,2026-06-21T16:07:45.000+0000,2026-07-19T06:32:00.000+0000
a04RB00000kUAO1YAO,CN-00000027,47内装株式会社,001RB00001VTCYGYA5,Activated,2025-03-01,,55000,660000,Invoice,月,,false,Rendery,Enterprise,5,,,false,2026-06-21T16:07:45.000+0000,2026-07-19T06:32:00.000+0000
a04RB00000kUAO2YAO,CN-00000028,ANAスカイビルサービス株式会社　※郵送希望,001RB00001VTCYFYA5,Activated,2025-04-01,,16000,192000,Invoice,月,,false,Rendery,Pro,2,,,false,2026-06-21T16:07:45.000+0000,2026-07-19T06:32:00.000+0000
a04RB00000kUAO3YAO,CN-00000029,株式会社 ノムラメディアス,001RB00001VTCZGYA5,解約,2025-03-01,2026-02-01,55000,660000,Invoice,月,,false,,,,,,false,2026-06-21T16:07:45.000+0000,2026-06-21T16:07:45.000+0000
a04RB00000kUAO4YAO,CN-00000030,株式会社URリンケージ(月額払い),001RB00001VTtIPYA1,解約,2025-03-01,2025-04-01,8000,96000,Invoice,月,,false,,,,,,false,2026-06-21T16:07:45.000+0000,2026-06-21T16:07:45.000+0000
a04RB00000kUAO5YAO,CN-00000031,株式会社URリンケージ(年額払い),001RB00001VTtIPYA1,解約,2025-03-01,2026-02-01,8000,96000,Invoice,月,,false,,,,,,false,2026-06-21T16:07:45.000+0000,2026-06-21T16:07:45.000+0000
a04RB00000kUAO6YAO,CN-00000032,佐伯綜合建設(大塚商会),001RB00001VTtIQYA1,Activated,2025-02-01,,6400,76800,Invoice,年,,false,,,,,,false,2026-06-21T16:07:45.000+0000,2026-06-21T16:07:45.000+0000
a04RB00000kUAO7YAO,CN-00000033,吉村紳　一級建築士事務所,001RB00001VTqU3YAL,Activated,2025-04-01,,8000,96000,Invoice,月,,false,Rendery,Pro,1,,,false,2026-06-21T16:07:45.000+0000,2026-07-19T06:32:00.000+0000
a04RB00000kUAO8YAO,CN-00000034,株式会社乃村工藝社,001RB00001VTCZZYA5,解約,2025-01-01,2025-04-01,16000,192000,Invoice,月,,false,,,,,,false,2026-06-21T16:07:45.000+0000,2026-06-21T16:07:45.000+0000
a04RB00000kUAO9YAO,CN-00000035,矢作建設工業株式会社,001RB00001VTqlfYAD,Activated,2025-04-01,,55000,660000,Invoice,年,,false,,,,,,false,2026-06-21T16:07:45.000+0000,2026-06-21T16:07:45.000+0000
a04RB00000kUAOAYA4,CN-00000036,株式会社デザインアーク,001RB00001VTruAYAT,Activated,2025-05-01,,165000,1980000,Invoice,月,,false,Rendery,Enterprise,15,,,false,2026-06-21T16:07:45.000+0000,2026-07-24T12:09:55.000+0000
a04RB00000kUAOBYA4,CN-00000037,大塚商会(株式会社長谷建築設計事務所様),001RB00001VTqleYAD,解約,2025-04-01,2026-04-01,6400,76800,Invoice,月,,false,,,,,,false,2026-06-21T16:07:45.000+0000,2026-06-21T16:07:45.000+0000
a04RB00000kUAOCYA4,CN-00000038,アイリスオーヤマ（ストアデザイン部）,001RB00001VTqkwYAD,解約,2025-05-01,2025-05-01,24000,288000,Invoice,月,,false,,,,,,false,2026-06-21T16:07:45.000+0000,2026-06-21T16:07:45.000+0000
a04RB00000kUAODYA4,CN-00000039,アイリスオーヤマ（空間デザイン部）,001RB00001VTqkwYAD,解約,2025-05-01,2025-05-01,8000,96000,Invoice,月,,false,,,,,,false,2026-06-21T16:07:45.000+0000,2026-06-21T16:07:45.000+0000
a04RB00000kUAOEYA4,CN-00000040,株式会社アーキテクト・ディベロッパー（5月1日より帝国不動産株式会社）,001RB00001VTrtrYAD,Activated,2025-05-01,,48000,576000,Invoice,月,,false,Rendery,Pro,6,,,false,2026-06-21T16:07:45.000+0000,2026-07-19T06:32:00.000+0000
a04RB00000kUAOFYA4,CN-00000041,野原グループ株式会社,001RB00001VTqbbYAD,Activated,2025-05-01,,8000,96000,Invoice,月,,false,Rendery,Pro,1,,,false,2026-06-21T16:07:45.000+0000,2026-07-19T06:32:00.000+0000
a04RB00000kUAOGYA4,CN-00000042,高松テクノサービス株式会社　＊年払い、特別価格,001RB00001VTqWXYA1,解約,2025-05-01,2026-04-01,16000,192000,Invoice,月,,false,,,,,,false,2026-06-21T16:07:45.000+0000,2026-06-21T16:07:45.000+0000
a04RB00000kUAOHYA4,CN-00000043,株式会社ジョイフル本田,001RB00001VTqkQYAT,解約,2025-05-01,2026-05-01,55000,660000,Invoice,月,,false,,,,,,false,2026-06-21T16:07:45.000+0000,2026-06-21T16:07:45.000+0000
a04RB00000kUAOIYA4,CN-00000044,九州旅客鉄道株式会社　博多設備区,001RB00001VTrOlYAL,Activated,2025-05-01,,8000,96000,Invoice,月,,false,,,,,,false,2026-06-21T16:07:45.000+0000,2026-06-21T16:07:45.000+0000
a04RB00000kUAOJYA4,CN-00000045,アイリスチトセ株式会社,001RB00001VTqlZYAT,解約,2025-06-01,2026-05-01,77000,924000,Invoice,月,,false,,,,,,false,2026-06-21T16:07:45.000+0000,2026-06-21T16:07:45.000+0000
a04RB00000kUAOKYA4,CN-00000046,アイリスオーヤマ（ストアデザイン部）,001RB00001VTqkwYAD,Activated,2025-06-01,,44000,528000,Invoice,月,,false,,,,,,false,2026-06-21T16:07:45.000+0000,2026-06-21T16:07:45.000+0000
a04RB00000kUAOLYA4,CN-00000047,アイリスオーヤマ（空間デザイン部）,001RB00001VTqkwYAD,Activated,2025-06-01,,11000,132000,Invoice,月,,false,,,,,,false,2026-06-21T16:07:45.000+0000,2026-06-21T16:07:45.000+0000
a04RB00000kUAOMYA4,CN-00000048,ショウワ グループ株式会社,001RB00001VTtIRYA1,解約,2024-12-01,2025-05-01,8000,96000,Invoice,月,,false,,,,,,false,2026-06-21T16:07:45.000+0000,2026-06-21T16:07:45.000+0000
a04RB00000kUAONYA4,CN-00000049,九州旅客鉄道株式会社　開発工事部,001RB00001VTrOlYAL,Activated,2025-06-01,,8000,96000,Invoice,月,,false,,,,,,false,2026-06-21T16:07:45.000+0000,2026-06-21T16:07:45.000+0000
a04RB00000kUAOOYA4,CN-00000050,株式会社JR東日本建築設計,001RB00001VTrHVYA1,Activated,2025-07-01,,8000,96000,Invoice,月,,false,,,,,,false,2026-06-21T16:07:45.000+0000,2026-06-21T16:07:45.000+0000
a04RB00000kUAOPYA4,CN-00000051,大東建託株式会社,001RB00001VTruMYAT,解約,2025-08-01,2025-11-01,132000,1584000,Invoice,月,,false,,,,,,false,2026-06-21T16:07:45.000+0000,2026-06-21T16:07:45.000+0000
a04RB00000kUAOQYA4,CN-00000052,株式会社 一条工務店,001RB00001VTqbnYAD,解約,2025-08-01,2025-10-01,16000,192000,Invoice,月,,false,,,,,,false,2026-06-21T16:07:45.000+0000,2026-06-21T16:07:45.000+0000
a04RB00000kUAORYA4,CN-00000053,JOA株式会社,001RB00001VTqmBYAT,Activated,2025-09-01,,55000,660000,Invoice,月,,false,Rendery,Enterprise,5,,,false,2026-06-21T16:07:45.000+0000,2026-07-19T06:32:00.000+0000
a04RB00000kUAOSYA4,CN-00000054,株式会社B-PROJECT,001RB00001VTqm7YAD,解約,2025-09-01,2026-01-01,66000,792000,Invoice,月,,false,,,,,,false,2026-06-21T16:07:45.000+0000,2026-06-21T16:07:45.000+0000
a04RB00000kUAOTYA4,CN-00000055,三井不動産レジデンシャルリース株式会社(ソリューション推進部),001RB00001VTqbXYAT,Activated,2025-09-01,,132000,1584000,Invoice,月,,false,Rendery,Enterprise,12,,,false,2026-06-21T16:07:45.000+0000,2026-07-19T06:32:00.000+0000
a04RB00000kUAOUYA4,CN-00000056,株式会社LIXIL住宅研究所 リノベーション推進室,001RB00001VTraTYAT,Activated,2025-09-01,,8000,96000,Invoice,月,,false,受託開発,,9,,,false,2026-06-21T16:07:45.000+0000,2026-07-19T06:32:00.000+0000
a04RB00000kUAOVYA4,CN-00000057,三菱地所株式会社(DX推進部),001RB00001VTqeCYAT,Activated,2025-10-01,,16000,192000,Invoice,月,,false,,,,,,false,2026-06-21T16:07:45.000+0000,2026-06-21T16:07:45.000+0000
a04RB00000kUAOWYA4,CN-00000058,株式会社コスモスイニシア　デジタル推進部門,001RB00001VTqgBYAT,解約,2025-10-01,2026-04-01,100000,1200000,Invoice,月,,false,,,,,,false,2026-06-21T16:07:45.000+0000,2026-06-21T16:07:45.000+0000
a04RB00000kUAOXYA4,CN-00000059,株式会社コスモスイニシア　建築本部,001RB00001VTqgBYAT,Activated,2025-10-01,,98000,1176000,Invoice,月,,false,,,,,,false,2026-06-21T16:07:45.000+0000,2026-06-21T16:07:45.000+0000
a04RB00000kUAOYYA4,CN-00000060,株式会社コスモスイニシア　建築本部(セキュリティオプション年払い）,001RB00001VTqgBYAT,Activated,2026-04-01,,70000,840000,Invoice,年,,false,,,,,,false,2026-06-21T16:07:45.000+0000,2026-06-21T16:07:45.000+0000
a04RB00000kUAOZYA4,CN-00000061,株式会社コスモスイニシア　事業本部（流通事業）,001RB00001VTqgBYAT,Activated,2025-10-01,,42000,504000,Invoice,年,,false,,,,,,false,2026-06-21T16:07:45.000+0000,2026-06-21T16:07:45.000+0000
a04RB00000kUAOaYAO,CN-00000062,株式会社コスモスイニシア　流通事業部(セキュリティオプション年払い）,001RB00001VTqgBYAT,Activated,2026-04-01,,30000,360000,Invoice,年,,false,,,,,,false,2026-06-21T16:07:45.000+0000,2026-06-21T16:07:45.000+0000
a04RB00000kUAObYAO,CN-00000063,大塚商会（大和財宅）,001RB00001VTqleYAD,Activated,2025-09-01,,88000,1056000,Invoice,年,,false,Rendery,Pro,1,,,false,2026-06-21T16:07:45.000+0000,2026-07-19T06:32:00.000+0000
a04RB00000kUAOcYAO,CN-00000064,株式会社アットオフィス　デザイン企画部,001RB00001VTqlgYAD,解約,2025-10-01,2026-01-01,55000,660000,Invoice,月,,false,,,,,,false,2026-06-21T16:07:45.000+0000,2026-06-21T16:07:45.000+0000
a04RB00000kUAOdYAO,CN-00000065,生和コーポレーション株式会社,001RB00001VTqmcYAD,Activated,2025-11-01,,8000,96000,Invoice,月,,false,,,,,,false,2026-06-21T16:07:45.000+0000,2026-06-21T16:07:45.000+0000
a04RB00000kUAOeYAO,CN-00000066,西日本旅客鉄道株式会社　金沢支社　金沢建築区,001RB00001VTqaZYAT,解約,2025-11-01,2026-03-01,5000,60000,Invoice,月,,false,,,,,,false,2026-06-21T16:07:45.000+0000,2026-06-21T16:07:45.000+0000
a04RB00000kUAOfYAO,CN-00000067,株式会社三越伊勢丹プロパティデザイン,001RB00001VTqxsYAD,Activated,2026-01-01,,48000,576000,Invoice,月,,false,Rendery,Pro,6,,,false,2026-06-21T16:07:45.000+0000,2026-07-19T06:32:00.000+0000
a04RB00000kUAOgYAO,CN-00000068,豊通ファシリティーズ株式会社　建築・設計部,001RB00001VTqy1YAD,Activated,2026-01-01,,16000,192000,Invoice,月,,false,Rendery,Pro,2,,,false,2026-06-21T16:07:45.000+0000,2026-07-19T06:32:00.000+0000
a04RB00000kUAOhYAO,CN-00000069,フロンヴィルホームズ名古屋株式会社,001RB00001VTr0hYAD,Activated,2026-03-01,,8000,96000,Invoice,月,,false,Rendery,Pro,1,,,false,2026-06-21T16:07:45.000+0000,2026-07-19T06:32:00.000+0000
a04RB00000kUAOiYAO,CN-00000070,大東建託株式会社　商品開発部,001RB00001VTruMYAT,Activated,2026-01-01,,24000,288000,Invoice,年,,false,,,,,,false,2026-06-21T16:07:45.000+0000,2026-06-21T16:07:45.000+0000
a04RB00000kUAOjYAO,CN-00000071,三菱地所レジデンス株式会社,001RB00001VTqf7YAD,Activated,2026-01-01,,16000,192000,Invoice,月,,false,Rendery,Enterprise,3,,,false,2026-06-21T16:07:45.000+0000,2026-07-28T06:55:55.000+0000
a04RB00000kUAOkYAO,CN-00000072,株式会社石勝エクステリア,001RB00001VTqnMYAT,Activated,2025-10-01,,100000,1200000,Invoice,年,,false,Rendery,Enterprise,10,,,false,2026-06-21T16:07:45.000+0000,2026-07-28T07:01:02.000+0000
a04RB00000kUAOlYAO,CN-00000073,株式会社フジタ（調達本部　インテリア・ソリューション統括部　インテリア部）,001RB00001VTrwFYAT,Activated,2026-02-01,,70000,840000,Invoice,年,,false,,,,,,false,2026-06-21T16:07:45.000+0000,2026-06-21T16:07:45.000+0000
a04RB00000kUAOmYAO,CN-00000074,（三ヶ月のみ契約）前田建設工業株式会社,001RB00001VTrvVYAT,解約,2026-01-01,2026-03-01,75000,900000,Invoice,月,,false,,,,,,false,2026-06-21T16:07:45.000+0000,2026-06-21T16:07:45.000+0000
a04RB00000kUAOnYAO,CN-00000075,ジーク株式会社,001RB00001VTqsxYAD,Activated,2026-02-01,,70000,840000,Invoice,年,,false,Rendery,Enterprise,5,,,false,2026-06-21T16:07:45.000+0000,2026-07-19T06:32:00.000+0000
a04RB00000kUAOoYAO,CN-00000076,株式会社アールシーコア,001RB00001VTqxQYAT,Activated,2026-01-01,,150000,1800000,Invoice,月,,false,Rendery,Enterprise,10,,,false,2026-06-21T16:07:45.000+0000,2026-07-28T07:01:02.000+0000
a04RB00000kUAOpYAO,CN-00000077,株式会社錢高組,001RB00001VTqW8YAL,Activated,2026-02-01,,24000,288000,Invoice,月,,false,Rendery,Pro,3,,,false,2026-06-21T16:07:45.000+0000,2026-07-19T06:32:00.000+0000
a04RB00000kUAOqYAO,CN-00000078,日鉄興和不動産株式会社,001RB00001VTrnKYAT,Activated,2026-02-01,,150000,1800000,Invoice,年,,false,Rendery,Enterprise,10,,,false,2026-06-21T16:07:45.000+0000,2026-07-28T06:55:55.000+0000
a04RB00000kUAOrYAO,CN-00000079,株式会社石勝エクステリア(シングルサインオン分）,001RB00001VTqnMYAT,Activated,2025-10-01,,30000,360000,Invoice,年,,false,Rendery,Enterprise,10,,,false,2026-06-21T16:07:45.000+0000,2026-07-28T07:01:02.000+0000
a04RB00000kUAOsYAO,CN-00000080,株式会社アールシーコア(セキュリティオプション月額）,001RB00001VTqxQYAT,Activated,2026-01-01,,100000,1200000,Invoice,月,,false,Rendery,Enterprise,10,,,false,2026-06-21T16:07:45.000+0000,2026-07-28T07:01:02.000+0000
a04RB00000kUAOtYAO,CN-00000081,Phantom株式会社,001RB00001VTrkRYAT,Activated,2026-02-01,,16000,192000,Invoice,月,,false,Rendery,Pro,2,,,false,2026-06-21T16:07:45.000+0000,2026-07-19T06:32:00.000+0000
a04RB00000kUAOuYAO,CN-00000082,大東建託株式会社 流通設計部,001RB00001VTruMYAT,解約,2026-02-01,2026-02-01,15000,180000,Invoice,月,,false,,,,,,false,2026-06-21T16:07:45.000+0000,2026-06-21T16:07:45.000+0000
a04RB00000kUAOvYAO,CN-00000083,野村不動産株式会社,001RB00001VTCYEYA5,Activated,2026-04-01,,150000,1800000,Invoice,月,,false,,,,,,false,2026-06-21T16:07:45.000+0000,2026-06-21T16:07:45.000+0000
a04RB00000kUAOwYAO,CN-00000084,野村不動産株式会社（シングルサインオン分）,001RB00001VTCYEYA5,Activated,2026-04-01,,30000,360000,Invoice,月,,false,,,,,,false,2026-06-21T16:07:45.000+0000,2026-06-21T16:07:45.000+0000
a04RB00000kUAOxYAO,CN-00000085,株式会社トーケン,001RB00001VTrHrYAL,Activated,2026-03-01,,80000,960000,Invoice,年,,false,Rendery,Pro,10,,,false,2026-06-21T16:07:45.000+0000,2026-07-28T06:55:55.000+0000
a04RB00000kUAOyYAO,CN-00000086,花菱不動産株式会社,001RB00001VTrlBYAT,Activated,2026-04-01,,16000,192000,Invoice,月,,false,Rendery,Pro,2,,,false,2026-06-21T16:07:45.000+0000,2026-07-19T06:32:00.000+0000
a04RB00000kUAOzYAO,CN-00000087,コンチネンタルホーム株式会社,001RB00001VTqgHYAT,Expired,2026-04-01,2026-06-30,24000,288000,Invoice,月,,false,,,,,,false,2026-06-21T16:07:45.000+0000,2026-07-24T11:05:37.000+0000
a04RB00000kUAP0YAO,CN-00000088,柏井建設株式会社,001RB00001VTrI5YAL,Activated,2026-03-01,,75000,900000,Invoice,月,,false,Rendery,Enterprise,5,,,false,2026-06-21T16:07:45.000+0000,2026-07-19T06:32:00.000+0000
a04RB00000kUAP1YAO,CN-00000089,株式会社紀伊國屋書店,001RB00001VTrUSYA1,Activated,2026-04-01,,40000,480000,Invoice,月,,false,Rendery,Pro,5,,,false,2026-06-21T16:07:45.000+0000,2026-07-19T06:32:00.000+0000
a04RB00000kUAP2YAO,CN-00000090,株式会社サンケイビル,001RB00001VTrvXYAT,Activated,2026-04-01,,70000,840000,Invoice,年,,false,Rendery,Enterprise,5,,,false,2026-06-21T16:07:45.000+0000,2026-07-28T07:01:02.000+0000
a04RB00000kUAP3YAO,CN-00000091,三井住友建設株式会社,001RB00001VTqeXYAT,Activated,2026-03-01,,8000,96000,Invoice,月,,false,Rendery,Pro,1,,,false,2026-06-21T16:07:45.000+0000,2026-07-19T06:32:00.000+0000
a04RB00000kUAP4YAO,CN-00000092,Asplead株式会社,001RB00001VTqnvYAD,Activated,2026-04-01,,16000,192000,Invoice,月,,false,Rendery,Pro,2,,,false,2026-06-21T16:07:45.000+0000,2026-07-19T06:32:00.000+0000
a04RB00000kUAP5YAO,CN-00000093,スタイルテック総合計画,001RB00001VTrkbYAD,Activated,2026-04-01,,75000,900000,Invoice,月,,false,Rendery,Enterprise,5,,,false,2026-06-21T16:07:45.000+0000,2026-07-19T06:32:00.000+0000
a04RB00000kUAP6YAO,CN-00000094,株式会社ecoaハウス,001RB00001VTrlqYAD,Activated,2026-04-01,,75000,900000,Invoice,月,,false,Rendery,Enterprise,5,,,false,2026-06-21T16:07:45.000+0000,2026-07-19T06:32:00.000+0000
a04RB00000kUAP7YAO,CN-00000095,株式会社ドムコス,001RB00001VTrqdYAD,Activated,2026-04-01,,8000,96000,Invoice,月,,false,Rendery,Pro,1,,,false,2026-06-21T16:07:45.000+0000,2026-07-19T06:32:00.000+0000
a04RB00000kUAP8YAO,CN-00000096,近鉄不動産,001RB00001VTrvcYAD,Activated,2026-04-01,,180000,2160000,Invoice,月,,false,,,,,,false,2026-06-21T16:07:45.000+0000,2026-06-21T16:07:45.000+0000
a04RB00000kUAP9YAO,CN-00000097,近鉄不動産(セキュリティオプション月額）,001RB00001VTrvcYAD,Activated,2026-04-01,,100000,1200000,Invoice,月,,false,,,,,,false,2026-06-21T16:07:45.000+0000,2026-06-21T16:07:45.000+0000
a04RB00000kUAPAYA4,CN-00000098,フィールド・デザイン・アーキテクツ一級建築士事務所,001RB00001VTrqeYAD,Activated,2026-04-01,,8000,96000,Invoice,月,,false,Rendery,Pro,1,,,false,2026-06-21T16:07:45.000+0000,2026-07-19T06:32:00.000+0000
a04RB00000kUAPBYA4,CN-00000099,株式会社ルミネ,001RB00001VTrYEYA1,Activated,2026-04-01,,8000,96000,Invoice,月,,false,Rendery,Pro,1,,,false,2026-06-21T16:07:45.000+0000,2026-07-19T06:32:00.000+0000
a04RB00000kUAPCYA4,CN-00000100,株式会社フジタ　BIM推進部,001RB00001VTrwFYAT,Activated,2026-04-01,,42000,504000,Invoice,年,,false,,,,,,false,2026-06-21T16:07:45.000+0000,2026-06-21T16:07:45.000+0000
a04RB00000kUAPDYA4,CN-00000101,株式会社フジタ　設計統括部,001RB00001VTrwFYAT,Activated,2026-04-01,,98000,1176000,Invoice,年,,false,,,,,,false,2026-06-21T16:07:45.000+0000,2026-06-21T16:07:45.000+0000
a04RB00000kUAPEYA4,CN-00000102,株式会社安井建築設計事務所,001RB00001VTqU8YAL,Activated,2026-04-01,,8000,96000,Invoice,月,,false,Rendery,Pro,1,,,false,2026-06-21T16:07:45.000+0000,2026-07-19T06:32:00.000+0000
a04RB00000kUAPFYA4,CN-00000103,株式会社ジョイフル本田（Pro１アカウント）,001RB00001VTqkQYAT,Activated,2026-06-01,,8000,96000,Invoice,月,,false,Rendery,Pro,1,,,false,2026-06-21T16:07:45.000+0000,2026-07-19T06:32:00.000+0000
a04RB00000kUAPGYA4,CN-00000104,若築建設株式会社,001RB00001VTrmvYAD,Activated,2026-05-01,,8000,96000,Invoice,年,,false,Rendery,Pro,1,,,false,2026-06-21T16:07:45.000+0000,2026-07-28T06:55:55.000+0000
a04RB00000kUAPHYA4,CN-00000105,西日本旅客鉄道株式会社 ビジネスデザイン部　JCLaaS事業部,001RB00001VTro2YAD,Activated,2026-05-01,,8000,96000,Invoice,月,,false,Rendery,Pro,1,,,false,2026-06-21T16:07:45.000+0000,2026-07-19T06:32:00.000+0000
a04RB00000kUAPIYA4,CN-00000106,株式会社乃村工藝社  カルチャー・コミュニケーション推進本部,001RB00001VTCZZYA5,Activated,2026-05-01,,32000,384000,Invoice,月,,false,Rendery,Pro,4,,,false,2026-06-21T16:07:45.000+0000,2026-07-19T06:32:00.000+0000
a04RB00000kUAPJYA4,CN-00000107,梅林建設株式会社,001RB00001VTrkSYAT,Activated,2026-06-01,,70000,840000,Invoice,年,,false,Rendery,Enterprise,5,,,false,2026-06-21T16:07:45.000+0000,2026-07-28T06:55:55.000+0000
a04RB00000kUAPKYA4,CN-00000108,株式会社デザインアーク　東京本店　東京スペースソリューション第１営業所,001RB00001VTruAYAT,Activated,2026-06-01,,30000,360000,Invoice,月,,false,,,,,,false,2026-06-21T16:07:45.000+0000,2026-06-21T16:07:45.000+0000
a04RB00000kUAPLYA4,CN-00000109,NTTファシリティーズ株式会社,001RB00001VTrnrYAD,Activated,2026-06-01,,150000,1800000,Invoice,月,,false,,,,,,false,2026-06-21T16:07:45.000+0000,2026-06-21T16:07:45.000+0000
a04RB00000kUAPMYA4,CN-00000110,合同会社小島屋,001RB00001VTruZYAT,Activated,2026-06-01,,8000,96000,Invoice,月,,false,,,,,,false,2026-06-21T16:07:45.000+0000,2026-06-21T16:07:45.000+0000
a04RB00000kUAPNYA4,CN-00000111,株式会社エリオクリエイト,001RB00001VTrxYYAT,Activated,2026-06-01,,8000,96000,Invoice,年,,false,Rendery,Pro,1,,,false,2026-06-21T16:07:45.000+0000,2026-07-19T06:32:00.000+0000
a04RB00000kUAPOYA4,CN-00000112,株式会社創建ホーム,001RB00001VTrm3YAD,Activated,2026-06-01,,84000,1008000,Invoice,年,,false,Rendery,Enterprise,6,,,false,2026-06-21T16:07:45.000+0000,2026-07-28T06:55:55.000+0000
a04RB00000kUAPPYA4,CN-00000113,株式会社リアルエステートブラザーズ,001RB00001VTqVaYAL,解約,2024-08-01,2024-09-01,11000,132000,Invoice,月,,false,,,,,,false,2026-06-21T16:07:45.000+0000,2026-06-21T16:07:45.000+0000
a04RB00000kUAPQYA4,CN-00000114,株式会社四ツ橋,001RB00001VTtISYA1,解約,2024-08-01,2024-10-01,10000,120000,Invoice,月,,false,,,,,,false,2026-06-21T16:07:45.000+0000,2026-06-21T16:07:45.000+0000
a04RB00000kUAPRYA4,CN-00000115,ムゲンエステート,001RB00001VTqlOYAT,解約,2024-10-01,2026-02-01,11000,132000,Invoice,月,,false,,,,,,false,2026-06-21T16:07:45.000+0000,2026-06-21T16:07:45.000+0000
a04RB00000kUAPSYA4,CN-00000116,三井不動産レジデンシャルリース,001RB00001VTqbXYAT,解約,2024-10-01,2025-05-01,11000,132000,Invoice,月,,false,,,,,,false,2026-06-21T16:07:45.000+0000,2026-06-21T16:07:45.000+0000
a04RB00000kUAPTYA4,CN-00000117,タクエーホーム株式会社,001RB00001VTqWsYAL,解約,2024-09-01,2025-09-01,11000,132000,Invoice,月,,false,,,,,,false,2026-06-21T16:07:45.000+0000,2026-06-21T16:07:45.000+0000
a04RB00000kUAPUYA4,CN-00000118,㈱渚工務店 SmileHome,001RB00001VTqaFYAT,解約,2024-09-01,2025-02-01,11000,132000,Invoice,月,,false,,,,,,false,2026-06-21T16:07:45.000+0000,2026-06-21T16:07:45.000+0000
a04RB00000kUAPVYA4,CN-00000119,ハウスプラザ,001RB00001VTqZpYAL,Activated,2024-10-01,,11000,132000,Invoice,月,,false,knock knock AI,Basic,1,,,false,2026-06-21T16:07:45.000+0000,2026-07-19T06:32:00.000+0000
a04RB00000kUAPWYA4,CN-00000120,アグレ都市デザイン株式会社,001RB00001VTCYzYAP,解約,2024-09-01,2026-05-31,11000,132000,Invoice,月,,false,,,,,,false,2026-06-21T16:07:45.000+0000,2026-07-24T12:20:14.000+0000
a04RB00000kUAPXYA4,CN-00000121,株式会社イーグランド,001RB00001VTqZVYA1,Activated,2024-11-01,,11000,132000,Invoice,月,,false,knock knock AI,Basic,1,,,false,2026-06-21T16:07:45.000+0000,2026-07-19T06:32:00.000+0000
a04RB00000kUAPYYA4,CN-00000122,ドアーズ株式会社,001RB00001VTqWuYAL,解約,2024-11-01,2025-02-01,11000,132000,Invoice,月,,false,,,,,,false,2026-06-21T16:07:45.000+0000,2026-06-21T16:07:45.000+0000
a04RB00000kUAPZYA4,CN-00000123,株式会社西武開発,001RB00001VTqaIYAT,Activated,2024-12-01,,93500,1122000,Invoice,年,,false,knock knock AI,Enterprise,,,,false,2026-06-21T16:07:45.000+0000,2026-08-06T01:28:02.000+0000
a04RB00000kUAPaYAO,CN-00000124,わくわく不動産,001RB00001VTqWhYAL,解約,2024-12-01,2026-02-01,11000,132000,Invoice,月,,false,,,,,,false,2026-06-21T16:07:45.000+0000,2026-06-21T16:07:45.000+0000
a04RB00000kUAPbYAO,CN-00000125,株式会社穂積住宅,001RB00001VTqaGYAT,Activated,2024-12-01,,33000,396000,Invoice,月,,false,knock knock AI,Basic,3,,,false,2026-06-21T16:07:45.000+0000,2026-07-19T06:32:00.000+0000
a04RB00000kUAPcYAO,CN-00000126,有限会社タイセイプラン,001RB00001VTtITYA1,解約,2024-11-01,2026-02-01,11000,132000,Invoice,月,,false,,,,,,false,2026-06-21T16:07:45.000+0000,2026-06-21T16:07:45.000+0000
a04RB00000kUAPdYAO,CN-00000127,リアルティホールディングス株式会社,001RB00001VTtIUYA1,解約,2025-01-01,,223300,2679600,Invoice,月,,false,knock knock AI,Enterprise,1100,,,false,2026-06-21T16:07:45.000+0000,2026-07-23T08:00:40.000+0000
a04RB00000kUAPeYAO,CN-00000128,株式会社ライフラインサービス,001RB00001VTqa6YAD,解約,2025-01-01,2025-08-01,11000,132000,Invoice,月,,false,,,,,,false,2026-06-21T16:07:45.000+0000,2026-06-21T16:07:45.000+0000
a04RB00000kUAPfYAO,CN-00000129,株式会社シアーズホーム(旧：株式会社サンタ不動産）,001RB00001VTtIVYA1,解約,2025-02-01,2026-03-01,11000,132000,Invoice,月,,false,,,,,,false,2026-06-21T16:07:45.000+0000,2026-06-21T16:07:45.000+0000
a04RB00000kUAPgYAO,CN-00000130,株式会社ヨコハマ地所,001RB00001VTqYlYAL,Activated,2025-02-01,,11000,132000,Invoice,月,,false,,,,,,false,2026-06-21T16:07:45.000+0000,2026-06-21T16:07:45.000+0000
a04RB00000kUAPhYAO,CN-00000131,株式会社Housebank千葉,001RB00001VTtIWYA1,解約,2025-01-01,2025-02-01,11000,132000,Invoice,月,,false,,,,,,false,2026-06-21T16:07:45.000+0000,2026-06-21T16:07:45.000+0000
a04RB00000kUAPiYAO,CN-00000132,株式会社Housebank千葉,001RB00001VTtIWYA1,Activated,2025-01-01,,55000,660000,Invoice,月,,false,knock knock AI,Pro,1,,,false,2026-06-21T16:07:45.000+0000,2026-07-28T06:55:55.000+0000
a04RB00000kUAPjYAO,CN-00000133,株式会社エージェント,001RB00001VTqZWYA1,Activated,2025-02-01,,11000,132000,Invoice,月,,false,knock knock AI,Basic,1,,,false,2026-06-21T16:07:45.000+0000,2026-07-19T06:32:00.000+0000
a04RB00000kUAPkYAO,CN-00000134,株式会社ヤマユウ,001RB00001VTqZzYAL,解約,2025-01-01,2025-12-01,11000,132000,Invoice,月,,false,,,,,,false,2026-06-21T16:07:45.000+0000,2026-06-21T16:07:45.000+0000
a04RB00000kUAPlYAO,CN-00000135,株式会社博進コスモプラザ,001RB00001VTtIXYA1,Activated,2025-02-01,,11000,132000,Invoice,月,,false,knock knock AI,Basic,1,,,false,2026-06-21T16:07:45.000+0000,2026-07-19T06:32:00.000+0000
a04RB00000kUAPmYAO,CN-00000136,富士ハウジング神戸支店,001RB00001VTtIYYA1,解約,2025-01-01,2026-01-01,55000,660000,Invoice,月,,false,,,,,,false,2026-06-21T16:07:45.000+0000,2026-06-21T16:07:45.000+0000
a04RB00000kUAPnYAO,CN-00000137,株式会社香川不動産買取センター,001RB00001VTqaKYAT,Activated,2025-03-01,,11000,132000,Invoice,月,,false,knock knock AI,Basic,1,,,false,2026-06-21T16:07:45.000+0000,2026-07-19T06:32:00.000+0000
a04RB00000kUAPoYAO,CN-00000138,リユースせいわ 西和不動産株式会社 栗東店,001RB00001VTtIZYA1,解約,2025-04-01,2026-06-01,11000,132000,Invoice,月,,false,,,,,,false,2026-06-21T16:07:45.000+0000,2026-06-21T16:07:45.000+0000
a04RB00000kUAPpYAO,CN-00000139,西和不動産株式会社 イエしが 草津店,001RB00001VTqaNYAT,解約,2025-04-01,2025-06-01,11000,132000,Invoice,月,,false,,,,,,false,2026-06-21T16:07:45.000+0000,2026-06-21T16:07:45.000+0000
a04RB00000kUAPqYAO,CN-00000140,西和不動産株式会社 イエしが 大津店,001RB00001VTqaNYAT,解約,2025-03-01,2025-05-01,11000,132000,Invoice,月,,false,,,,,,false,2026-06-21T16:07:45.000+0000,2026-06-21T16:07:45.000+0000
a04RB00000kUAPrYAO,CN-00000141,株式会社サンホームズ,001RB00001VTtIaYAL,解約,2025-04-01,2025-12-01,11000,132000,Invoice,月,,false,,,,,,false,2026-06-21T16:07:45.000+0000,2026-06-21T16:07:45.000+0000
a04RB00000kUAPsYAO,CN-00000142,有限会社山陽不動産,001RB00001VTqYxYAL,解約,2025-04-01,2025-04-01,11000,132000,Invoice,月,,false,,,,,,false,2026-06-21T16:07:45.000+0000,2026-06-21T16:07:45.000+0000
a04RB00000kUAPtYAO,CN-00000143,株式会社Machidaホールディングス,001RB00001VTtIbYAL,解約,2025-04-01,2025-12-01,11000,132000,Invoice,月,,false,,,,,,false,2026-06-21T16:07:45.000+0000,2026-06-21T16:07:45.000+0000
a04RB00000kUAPuYAO,CN-00000144,株式会社西武開発,001RB00001VTqaIYAT,解約,2025-04-01,2026-03-01,316800,3801600,Invoice,月,,false,,,,,,false,2026-06-21T16:07:45.000+0000,2026-06-21T16:07:45.000+0000
a04RB00000kUAPvYAO,CN-00000145,中尾建設工業株式会社(ナカオホーム),001RB00001VTCZcYAP,解約,2025-04-01,2025-10-01,11000,132000,Invoice,月,,false,,,,,,false,2026-06-21T16:07:45.000+0000,2026-06-21T16:07:45.000+0000
a04RB00000kUAPwYAO,CN-00000146,株式会社ハートランド,001RB00001VTtIcYAL,解約,2025-04-01,2026-06-01,11000,132000,Invoice,月,,false,,,,,,false,2026-06-21T16:07:45.000+0000,2026-06-21T16:07:45.000+0000
a04RB00000kUAPxYAO,CN-00000147,ONETEAM不動産,001RB00001VTtIdYAL,Activated,2025-06-01,,11000,132000,Invoice,月,,false,knock knock AI,Basic,1,,,false,2026-06-21T16:07:45.000+0000,2026-07-19T06:32:00.000+0000
a04RB00000kUAPyYAO,CN-00000148,松栄不動産株式会社,001RB00001VTtIeYAL,解約,2025-06-01,2026-05-01,11000,132000,Invoice,月,,false,,,,,,false,2026-06-21T16:07:45.000+0000,2026-06-21T16:07:45.000+0000
a04RB00000kUAPzYAO,CN-00000149,TC神鋼不動産株式会社,001RB00001VTqfsYAD,解約,2025-07-01,,11000,132000,Invoice,月,,false,,,,,,false,2026-06-21T16:07:45.000+0000,2026-07-22T05:51:36.000+0000
a04RB00000kUAQ0YAO,CN-00000150,株式会社TAKUTO,001RB00001VTtIfYAL,Activated,2025-07-01,,11000,132000,Invoice,月,,false,knock knock AI,Basic,1,,,false,2026-06-21T16:07:45.000+0000,2026-07-19T06:32:00.000+0000
a04RB00000kUAQ1YAO,CN-00000151,株式会社グローバルセンター,001RB00001VTqm2YAD,解約,2025-08-01,2025-10-01,11000,132000,Invoice,月,,false,,,,,,false,2026-06-21T16:07:45.000+0000,2026-06-21T16:07:45.000+0000
a04RB00000kUAQ2YAO,CN-00000152,ホームトレードセンター株式会社,001RB00001VTqnbYAD,Activated,2025-08-01,,11000,132000,Invoice,月,,false,knock knock AI,Basic,1,,,false,2026-06-21T16:07:45.000+0000,2026-07-19T06:32:00.000+0000
a04RB00000kUAQ3YAO,CN-00000153,株式会社アズスタット,001RB00001VTqnHYAT,Activated,2025-08-01,,11000,132000,Invoice,月,,false,knock knock AI,Basic,1,,,false,2026-06-21T16:07:45.000+0000,2026-07-19T06:32:00.000+0000
a04RB00000kUAQ4YAO,CN-00000154,株式会社 秀建,001RB00001VTtIgYAL,解約,2025-08-01,2025-12-01,11000,132000,Invoice,月,,false,,,,,,false,2026-06-21T16:07:45.000+0000,2026-06-21T16:07:45.000+0000
a04RB00000kUAQ5YAO,CN-00000155,株式会社アークフロンティア　テラスエステート,001RB00001VTtIhYAL,解約,2025-09-01,2026-03-01,112000,1344000,Invoice,月,,false,,,,,,false,2026-06-21T16:07:45.000+0000,2026-06-21T16:07:45.000+0000
a04RB00000kUAQ6YAO,CN-00000156,株式会社レーベントラスト,001RB00001VTqbqYAD,Activated,2025-09-01,,55000,660000,Invoice,月,,false,knock knock AI,Pro,1,,,false,2026-06-21T16:07:45.000+0000,2026-07-19T06:32:00.000+0000
a04RB00000kUAQ7YAO,CN-00000157,株式会社CHINTAI,001RB00001VTqxoYAD,解約,2025-10-01,2026-02-01,145000,1740000,Invoice,月,,false,,,,,,false,2026-06-21T16:07:45.000+0000,2026-06-21T16:07:45.000+0000
a04RB00000kUAQ8YAO,CN-00000158,東京建物不動産販売株式会社　※10月のみ,001RB00001VTqseYAD,解約,2025-10-01,2025-10-01,11000,132000,Invoice,月,,false,,,,,,false,2026-06-21T16:07:45.000+0000,2026-06-21T16:07:45.000+0000
a04RB00000kUAQ9YAO,CN-00000159,株式会社 三福管理センター,001RB00001VTqatYAD,Activated,2025-11-01,,55000,660000,Invoice,月,,false,knock knock AI,Pro,1,,,false,2026-06-21T16:07:45.000+0000,2026-07-19T06:32:00.000+0000
a04RB00000kUAQAYA4,CN-00000160,株式会社ケン・プロパティマネジメント,001RB00001VTrGkYAL,Activated,2025-12-01,,11000,132000,Invoice,月,,false,knock knock AI,Basic,1,,,false,2026-06-21T16:07:45.000+0000,2026-07-19T06:32:00.000+0000
a04RB00000kUAQBYA4,CN-00000161,株式会社建新,001RB00001VTtIiYAL,Activated,2026-02-01,,11000,132000,Invoice,月,,false,knock knock AI,Basic,1,,,false,2026-06-21T16:07:45.000+0000,2026-07-19T06:32:00.000+0000
a04RB00000kUAQCYA4,CN-00000162,株式会社夢のおてつだい,001RB00001VTrkYYAT,Activated,2026-02-01,,55000,660000,Invoice,月,,false,knock knock AI,Pro,1,,,false,2026-06-21T16:07:45.000+0000,2026-07-19T06:32:00.000+0000
a04RB00000kUAQDYA4,CN-00000163,株式会社JBリアルエステート,001RB00001VTrqfYAD,解約,2026-04-01,2026-04-01,11000,132000,Invoice,月,,false,,,,,,false,2026-06-21T16:07:45.000+0000,2026-06-21T16:07:45.000+0000
a04RB00000kVL7JYAW,CN-00000164,Mig_freee請求移行_アイリスチトセ株式会社,001RB00001VTqlZYAT,Draft,2026-05-01,2026-05-31,,,,月,,false,,,,,,false,2026-06-22T00:33:12.000+0000,2026-06-22T00:33:12.000+0000
a04RB00000kVL7KYAW,CN-00000165,Mig_freee請求移行_クウジット株式会社,001RB00001VcyFKYAZ,Draft,2026-05-01,2026-05-31,,,,月,,false,,,,,,false,2026-06-22T00:33:12.000+0000,2026-06-22T00:33:12.000+0000
a04RB00000kVL7LYAW,CN-00000166,Mig_freee請求移行_コクヨ 株式会社,001RB00001VTCZ9YAP,Draft,2026-06-01,2026-06-30,,,,月,,false,,,,,,false,2026-06-22T00:33:12.000+0000,2026-06-22T00:33:12.000+0000
a04RB00000kVL7MYAW,CN-00000167,Mig_freee請求移行_さいたま家づくりネットワーク事務局,001RB00001VcyFLYAZ,Draft,2026-03-01,2026-03-31,,,,月,,false,,,,,,false,2026-06-22T00:33:12.000+0000,2026-06-22T00:33:12.000+0000
a04RB00000kVL7OYAW,CN-00000169,Mig_freee請求移行_トヨタコニックプロ株式会社,001RB00001VTrkUYAT,Draft,2026-05-01,2026-05-31,,,,月,,false,,,,,,false,2026-06-22T00:33:12.000+0000,2026-06-22T00:33:12.000+0000
a04RB00000kVL7PYAW,CN-00000170,Mig_freee請求移行_プラス株式会社,001RB00001VTCZLYA5,Draft,2026-05-01,2026-06-30,,,,月,,false,,,,,,false,2026-06-22T00:33:12.000+0000,2026-06-22T00:33:12.000+0000
a04RB00000kVL7QYAW,CN-00000171,Mig_freee請求移行_リユースせいわ 西和不動産株式会社 栗東店,001RB00001VTtIZYA1,Draft,2026-04-01,2026-04-30,,,,月,,false,,,,,,false,2026-06-22T00:33:12.000+0000,2026-06-22T00:33:12.000+0000
a04RB00000kVL7RYAW,CN-00000172,Mig_freee請求移行_株式会社LIXIL,001RB00001VTqidYAD,Draft,2026-03-01,2026-03-31,,,,月,,false,,,,,,false,2026-06-22T00:33:12.000+0000,2026-06-22T00:33:12.000+0000
a04RB00000kVL7SYAW,CN-00000173,Mig_freee請求移行_株式会社アールシーコア,001RB00001VTqxQYAT,Draft,2026-03-01,2026-06-30,,,,月,,false,,,,,,false,2026-06-22T00:33:12.000+0000,2026-06-22T00:33:12.000+0000
a04RB00000kVL7TYAW,CN-00000174,Mig_freee請求移行_株式会社アイ・キューブ,001RB00001VTrlAYAT,Draft,2026-03-01,2026-03-31,,,,月,,false,,,,,,false,2026-06-22T00:33:12.000+0000,2026-06-22T00:33:12.000+0000
a04RB00000kVL7UYAW,CN-00000175,Mig_freee請求移行_株式会社エリオクリエイト,001RB00001VTrxYYAT,Draft,2026-05-01,2026-05-31,,,,月,,false,,,,,,false,2026-06-22T00:33:12.000+0000,2026-06-22T00:33:12.000+0000
a04RB00000kVL7VYAW,CN-00000176,Mig_freee請求移行_株式会社コスモスイニシア,001RB00001VTqgBYAT,Draft,2026-03-01,2026-05-31,,,,月,,false,,,,,,false,2026-06-22T00:33:12.000+0000,2026-06-22T00:33:12.000+0000
a04RB00000kVL7WYAW,CN-00000177,Mig_freee請求移行_株式会社サンケイビル,001RB00001VTrvXYAT,Draft,2026-03-01,2026-03-31,,,,月,,false,,,,,,false,2026-06-22T00:33:12.000+0000,2026-06-22T00:33:12.000+0000
a04RB00000kVL7XYAW,CN-00000178,Mig_freee請求移行_株式会社スタッコ,001RB00001VcyFMYAZ,Draft,2026-03-01,2026-03-31,,,,月,,false,,,,,,false,2026-06-22T00:33:12.000+0000,2026-06-22T00:33:12.000+0000
a04RB00000kVL7ZYAW,CN-00000180,Mig_freee請求移行_株式会社ハートランド,001RB00001VTtIcYAL,Draft,2026-03-01,2026-04-30,,,,月,,false,,,,,,false,2026-06-22T00:33:12.000+0000,2026-06-22T00:33:12.000+0000
a04RB00000kVL7aYAG,CN-00000181,Mig_freee請求移行_株式会社石勝エクステリア,001RB00001VTqnMYAT,Draft,2026-03-01,2026-03-31,,,,月,,false,,,,,,false,2026-06-22T00:33:12.000+0000,2026-06-22T00:33:12.000+0000
a04RB00000kVL7bYAG,CN-00000182,Mig_freee請求移行_株式会社中村不動産開発,001RB00001VTrGlYAL,Draft,2026-03-01,2026-03-31,,,,月,,false,,,,,,false,2026-06-22T00:33:12.000+0000,2026-06-22T00:33:12.000+0000
a04RB00000kVL7cYAG,CN-00000183,Mig_freee請求移行_近鉄不動産株式会社,001RB00001VTrvcYAD,Draft,2026-05-01,2026-06-30,,,,月,,false,,,,,,false,2026-06-22T00:33:12.000+0000,2026-06-22T00:33:12.000+0000
a04RB00000kVL7dYAG,CN-00000184,Mig_freee請求移行_合同会社髙木秀太事務所 NOI STUDIO,001RB00001VcyFNYAZ,Draft,2026-04-01,2026-04-30,,,,月,,false,,,,,,false,2026-06-22T00:33:12.000+0000,2026-06-22T00:33:12.000+0000
a04RB00000kVL7eYAG,CN-00000185,Mig_freee請求移行_三菱商事 株式会社,001RB00001VTqkoYAD,Draft,2026-03-01,2026-03-31,,,,月,,false,,,,,,false,2026-06-22T00:33:12.000+0000,2026-06-22T00:33:12.000+0000
a04RB00000kVL7fYAG,CN-00000186,Mig_freee請求移行_松栄不動産株式会社,001RB00001VTtIeYAL,Draft,2026-03-01,2026-04-30,,,,月,,false,,,,,,false,2026-06-22T00:33:12.000+0000,2026-06-22T00:33:12.000+0000
a04RB00000kVL7gYAG,CN-00000187,Mig_freee請求移行_神奈川県知事　黒岩　祐治,001RB00001VcyFOYAZ,Draft,2026-03-01,2026-03-31,,,,月,,false,,,,,,false,2026-06-22T00:33:12.000+0000,2026-06-22T00:33:12.000+0000
a04RB00000kVL7hYAG,CN-00000188,Mig_freee請求移行_帝国不動産株式会社,001RB00001VcyFPYAZ,Draft,2026-06-01,2026-06-30,,,,月,,false,,,,,,false,2026-06-22T00:33:12.000+0000,2026-06-22T00:33:12.000+0000
a04RB00000kVL7iYAG,CN-00000189,Mig_freee請求移行_東急不動産株式会社,001RB00001VTqUVYA1,Draft,2026-03-01,2026-06-30,,,,月,,false,,,,,,false,2026-06-22T00:33:12.000+0000,2026-06-22T00:33:12.000+0000
a04RB00000kVL7jYAG,CN-00000190,Mig_freee請求移行_野村不動産株式会社,001RB00001VTCYEYA5,Draft,2026-04-01,2026-04-30,,,,月,,false,,,,,,false,2026-06-22T00:33:12.000+0000,2026-06-22T00:33:12.000+0000
a04RB00000lZ54zYAC,CN-00000191,野村不動産株式会社　商業事業本部,001RB00001VTCYEYA5,Activated,2026-07-01,2027-06-30,198000,2040000,Invoice,年,2027-07-20,false,Rendery,Enterprise,,,,false,2026-07-01T09:51:14.000+0000,2026-08-06T01:32:41.000+0000
a04RB00000mYhriYAC,CN-00000194,株式会社野村工務店（大塚商会）_2026-07-01,001RB00001VTrr2YAD,Draft,2026-07-01,2026-07-31,1440000,17280000,,月,,false,,,,,,false,2026-07-14T11:11:59.000+0000,2026-07-14T11:11:59.000+0000
a04RB00000md4o5YAA,CN-00000195,株式会社サンテン・コーポレーションRendery導入_2026-07-01,001RB00001VTrRuYAL,Draft,2026-07-01,2026-07-31,32000,384000,,月,,false,,,,,,false,2026-07-15T06:56:33.000+0000,2026-07-15T06:56:33.000+0000
a04RB00000miHmIYAU,CN-00000196,コンチネンタルホーム株式会社_2026-07-01,001RB00001VTqgHYAT,Activated,2026-07-01,,40000,480000,,月,,false,Rendery,Pro,5,,,false,2026-07-16T05:42:45.000+0000,2026-07-24T11:05:01.000+0000
a04RB00000miY3xYAE,CN-00000197,株式会社パインウェル_2026-07-01,001RB00001b3qNeYAI,Draft,2026-07-01,2026-07-31,8000,96000,,月,,false,,,,,,false,2026-07-16T05:54:06.000+0000,2026-07-16T05:54:06.000+0000
a04RB00000mj59ZYAQ,CN-00000198,Rendery enterprise_2026-07-01,001RB00001VTrrHYAT,Draft,2026-07-01,2026-07-31,75000,900000,,月,,false,Rendery,Enterprise,5,,,false,2026-07-16T07:21:47.000+0000,2026-07-28T11:12:00.000+0000
a04RB00000n5JdiYAE,CN-00000200,アイリスオーヤマ株式会社(空間デザイン部) [OLD] Rendery Enterpriseプラン(2025年9月まで) Freee自動請求契約,001RB00001br9KgYAI,Activated,2026-03-01,,11000,,Invoice,月,,true,Rendery,Enterprise,1,Freee,Recurring,true,2026-07-24T08:35:04.000+0000,2026-08-05T08:19:21.000+0000
a04RB00000n5JdjYAE,CN-00000201,アイリスオーヤマ株式会社(ストアソリューション営業部ストアデザインチーム) [OLD] Rendery Enterpriseプラン(2025年9月まで) Freee自動請求契約,001RB00001br9KfYAI,Activated,2026-03-01,,44000,,Invoice,月,,true,Rendery,Enterprise,4,Freee,Recurring,true,2026-07-24T08:35:04.000+0000,2026-08-05T08:19:45.000+0000
a04RB00000n5JdkYAE,CN-00000202,九州旅客鉄道株式会社(博多設備区) Rendery Proプラン Freee自動請求契約,001RB00001br9KNYAY,Activated,2026-03-01,,8000,,Invoice,月,,true,Rendery,Pro,1,Freee,Recurring,true,2026-07-24T08:35:04.000+0000,2026-08-05T08:16:51.000+0000
a04RB00000n5JdlYAE,CN-00000203,九州旅客鉄道株式会社(建設工事部施設課) Rendery Proプラン Freee自動請求契約,001RB00001br9KLYAY,Activated,2026-03-01,,8000,,Invoice,月,,true,Rendery,Pro,1,Freee,Recurring,true,2026-07-24T08:35:04.000+0000,2026-08-05T08:19:58.000+0000
a04RB00000n5JdmYAE,CN-00000204,東急リゾーツ＆ステイ株式会社 [OLD] Rendery Enterpriseプラン(2025年9月まで) Freee自動請求契約,001RB00001br9KMYAY,Activated,2026-06-01,,44000,,Invoice,月,,true,Rendery,Enterprise,4,Freee,Recurring,true,2026-07-24T08:35:04.000+0000,2026-08-05T08:26:19.000+0000
a04RB00000n5JdnYAE,CN-00000205,九州旅客鉄道株式会社(開発工事部) Rendery Proプラン Freee自動請求契約,001RB00001br9KQYAY,Activated,2026-03-01,,8000,,Invoice,月,,true,Rendery,Pro,1,Freee,Recurring,true,2026-07-24T08:35:04.000+0000,2026-08-05T08:26:19.000+0000
a04RB00000n5JdoYAE,CN-00000206,株式会社ＬＩＸＩＬ住宅研究所 Rendery Proプラン Freee自動請求契約,001RB00001br9KOYAY,Activated,2026-03-01,,8000,,Invoice,月,,true,Rendery,Pro,1,Freee,Recurring,true,2026-07-24T08:35:04.000+0000,2026-08-05T08:26:19.000+0000
a04RB00000n5JdpYAE,CN-00000207,近鉄不動産株式会社 Rendery Enterpriseプラン Freee自動請求契約,001RB00001VTrvcYAD,Activated,2026-06-01,,195000,,Invoice,月,,true,Rendery,Enterprise,13,Freee,Recurring,true,2026-07-24T08:35:04.000+0000,2026-08-05T08:26:19.000+0000
a04RB00000n5JdqYAE,CN-00000208,株式会社ハートランド knock knock AI Basicプラン(50クレジット) Freee自動請求契約,001RB00001VTtIcYAL,Activated,2026-05-01,,11000,,Invoice,月,,true,knock knock AI,Basic,1,Freee,Recurring,true,2026-07-24T08:35:04.000+0000,2026-08-05T08:26:19.000+0000
a04RB00000n5JdrYAE,CN-00000209,西和不動産株式会社 栗東店 knock knock AI Basicプラン(50クレジット) Freee自動請求契約,001RB00001br9KVYAY,Activated,2026-03-01,,11000,,Invoice,月,,true,knock knock AI,Basic,1,Freee,Recurring,true,2026-07-24T08:35:04.000+0000,2026-08-05T08:26:19.000+0000
a04RB00000n5JdsYAE,CN-00000210,株式会社ヨコハマ地所 [OLD] Rendery Enterpriseプラン(2025年9月まで) Freee自動請求契約,001RB00001br9KKYAY,Activated,2026-02-01,,11000,,Invoice,月,,true,knock knock AI,Basic,1,Freee,Recurring,true,2026-07-24T08:35:04.000+0000,2026-08-05T08:19:33.000+0000
a04RB00000n5JdtYAE,CN-00000211,株式会社JR東日本建築設計 Rendery Proプラン Freee自動請求契約,001RB00001br9KSYAY,Activated,2026-03-01,,8000,,Invoice,月,,true,Rendery,Pro,1,Freee,Recurring,true,2026-07-24T08:35:04.000+0000,2026-08-05T08:26:19.000+0000
a04RB00000n5JduYAE,CN-00000212,三菱地所株式会社(DX推進部) Rendery Proプラン Freee自動請求契約,001RB00001br9KdYAI,Activated,2026-03-01,,16000,,Invoice,月,,true,Rendery,Pro,2,Freee,Recurring,true,2026-07-24T08:35:04.000+0000,2026-08-05T08:26:19.000+0000
a04RB00000n5JdvYAE,CN-00000213,野村不動産株式会社 Rendery Enterpriseプラン Freee自動請求契約,001RB00001VTCYEYA5,Activated,2026-04-01,,180000,,Invoice,月,,true,Rendery,Enterprise,10,Freee,Recurring,true,2026-07-24T08:35:04.000+0000,2026-08-05T08:26:19.000+0000
a04RB00000n5JdwYAE,CN-00000214,株式会社デザインアーク（東京スペースソリューション第１営業所） Rendery Enterpriseプラン Freee自動請求契約,001RB00001br9KYYAY,Activated,2026-06-01,,30000,,Invoice,月,,true,Rendery,Enterprise,2,Freee,Recurring,true,2026-07-24T08:35:04.000+0000,2026-08-05T08:26:19.000+0000
a04RB00000n5JdxYAE,CN-00000215,合同会社小島屋 Rendery Proプラン Freee自動請求契約,001RB00001br9KIYAY,Activated,2026-06-01,,8000,,Invoice,月,,true,Rendery,Pro,1,Freee,Recurring,true,2026-07-24T08:35:04.000+0000,2026-08-05T08:26:19.000+0000
a04RB00000n5JdyYAE,CN-00000216,株式会社コスモスイニシア（流通事業部） Rendery Enterpriseプラン Freee自動請求契約,001RB00001br9KcYAI,Activated,2026-06-01,,150000,,Invoice,月,,true,Rendery,Enterprise,1,Freee,Recurring,true,2026-07-24T08:35:04.000+0000,2026-08-05T08:26:19.000+0000
a04RB00000n5JdzYAE,CN-00000217,柏井建設株式会社 Rendery Enterpriseプラン Freee自動請求契約,001RB00001br9KeYAI,Activated,2026-03-01,,75000,,Invoice,月,,true,Rendery,Enterprise,5,Freee,Recurring,true,2026-07-24T08:35:04.000+0000,2026-08-05T08:26:19.000+0000
a04RB00000n5Je0YAE,CN-00000218,株式会社シアーズホーム knock knock AI Basicプラン(50クレジット) Freee自動請求契約,001RB00001VTtIVYA1,Activated,2026-03-01,,11000,,Invoice,月,,true,knock knock AI,Basic,1,Freee,Recurring,true,2026-07-24T08:35:04.000+0000,2026-08-05T08:26:19.000+0000
a04RB00000n5Je1YAE,CN-00000219,株式会社ジョイフル本田 [OLD] Rendery Enterpriseプラン(2025年9月まで) Freee自動請求契約,001RB00001VTqkQYAT,Activated,2026-03-01,,55000,,Invoice,月,,true,Rendery,Enterprise,5,Freee,Recurring,true,2026-07-24T08:35:04.000+0000,2026-08-05T08:26:19.000+0000
a04RB00000n5Je2YAE,CN-00000220,インフィニティ株式会社 Rendery Proプラン Freee自動請求契約,001RB00001VTCYwYAP,Activated,2026-03-01,,8000,,Invoice,月,,true,Rendery,Pro,1,Freee,Recurring,true,2026-07-24T08:35:04.000+0000,2026-08-05T08:26:19.000+0000
a04RB00000n5Je3YAE,CN-00000221,帝国不動産株式会社 Rendery Proプラン Freee自動請求契約,001RB00001VcyFPYAZ,Activated,2026-04-01,,48000,,Invoice,月,,true,Rendery,Pro,6,Freee,Recurring,true,2026-07-24T08:35:04.000+0000,2026-08-05T08:26:19.000+0000
a04RB00000n5Je4YAE,CN-00000222,アイリスチトセ株式会社 [OLD] Rendery Enterpriseプラン(2025年9月まで) Freee自動請求契約,001RB00001VTqlZYAT,Activated,2026-03-01,,77000,,Invoice,月,,true,Rendery,Enterprise,7,Freee,Recurring,true,2026-07-24T08:35:04.000+0000,2026-08-05T08:26:19.000+0000
a04RB00000n5Je5YAE,CN-00000223,株式会社JBリアルエステート knock knock AI Basicプラン(50クレジット) Freee自動請求契約,001RB00001br9KRYAY,Activated,2026-04-01,,11000,,Invoice,月,,true,knock knock AI,Basic,1,Freee,Recurring,true,2026-07-24T08:35:04.000+0000,2026-08-05T08:26:19.000+0000
a04RB00000n5Je6YAE,CN-00000224,松栄不動産株式会社(アパマンショップ仙台東口店) knock knock AI Basicプラン(50クレジット) Freee自動請求契約,001RB00001br9KTYAY,Activated,2026-05-01,,11000,,Invoice,月,,true,knock knock AI,Basic,1,Freee,Recurring,true,2026-07-24T08:35:04.000+0000,2026-08-05T08:26:19.000+0000
a04RB00000n5Je7YAE,CN-00000225,三井不動産レジデンシャルリース株式会社(ソリューション推進部) [OLD] Rendery Enterpriseプラン(2025年9月まで) Freee自動請求契約,001RB00001br9KbYAI,Activated,2026-07-01,,132000,,Invoice,月,,true,Rendery,Enterprise,12,Freee,Recurring,true,2026-07-24T08:35:04.000+0000,2026-08-05T08:26:19.000+0000
a04RB00000n5Je8YAE,CN-00000226,株式会社三越伊勢丹プロパティ・デザイン Rendery Proプラン Freee自動請求契約,001RB00001br9KWYAY,Activated,2026-07-01,,48000,,Invoice,月,,true,Rendery,Pro,6,Freee,Recurring,true,2026-07-24T08:35:04.000+0000,2026-08-05T08:26:19.000+0000
a04RB00000n5Je9YAE,CN-00000227,株式会社錢高組 Rendery Proプラン Freee自動請求契約,001RB00001br9KaYAI,Activated,2026-07-01,,24000,,Invoice,月,,true,Rendery,Pro,3,Freee,Recurring,true,2026-07-24T08:35:04.000+0000,2026-08-05T08:26:19.000+0000
a04RB00000n5JeAYAU,CN-00000228,株式会社ワンズ・レーニア Rendery Enterpriseプラン Freee自動請求契約,001RB00001VTrrHYAT,Activated,2026-07-01,,,,Invoice,月,,true,Rendery,Enterprise,5,Freee,Recurring,true,2026-07-24T08:35:04.000+0000,2026-07-28T07:01:02.000+0000
a04RB00000n9hzBYAQ,CN-00000229,『提案DX2.0』データ整形業務【着手金】,001RB00001VTqjbYAD,更新予定,2026-06-29,,,,Invoice,月,,true,受託開発,,,Freee,OneTime,false,2026-07-27T05:56:06.000+0000,2026-07-27T06:03:41.000+0000
a04RB00000nA94DYAS,CN-00000230,【着手金】AIシミュレーション開発・保守費⽤（2026年6⽉-2027年3⽉）,001RB00001VTqidYAD,Activated,2026-06-29,,,,Invoice,月,,true,,,,Freee,Recurring,false,2026-07-27T07:48:45.000+0000,2026-07-27T07:48:45.000+0000
a04RB00000nCFH5YAO,CN-00000232,清水建設株式会社 九州支店設計部_2026-08-01,001RB00001VTrvxYAD,Draft,2026-08-01,2026-08-31,150000,1800000,,月,,false,Rendery,Enterprise,10,Salesforce,Recurring,false,2026-07-28T06:51:52.000+0000,2026-07-28T06:51:52.000+0000
a04RB00000nCVWrYAO,CN-00000231,清水建設株式会社 北九州営業所_2026-08-01,001RB00001VTrvxYAD,Draft,2026-08-01,2026-08-31,8000,96000,,月,,false,Rendery,Pro,1,Salesforce,Recurring,false,2026-07-28T06:46:07.000+0000,2026-07-28T06:46:07.000+0000
a04RB00000nCmpRYAS,CN-00000233,株式会社サンテン・コーポレーション Rendery Proプラン Freee自動請求契約,001RB00001VTrRuYAL,Activated,2026-07-01,,,,Invoice,月,,true,,,,Freee,Recurring,true,2026-07-28T08:30:19.000+0000,2026-07-28T08:30:19.000+0000
a04RB00000nCmpSYAS,CN-00000234,株式会社パインウェル Rendery Proプラン Freee自動請求契約,001RB00001b3qNeYAI,Activated,2026-07-01,,,,Invoice,月,,true,,,,Freee,Recurring,true,2026-07-28T08:30:19.000+0000,2026-07-28T08:30:19.000+0000
a04RB00000nCmpTYAS,CN-00000235,大東建託株式会社 [OLD] Rendery Enterpriseプラン(2025年9月まで) Freee自動請求契約,001RB00001VTruMYAT,Activated,2025-09-01,,132000,,Invoice,月,,true,Rendery,Enterprise,12,Freee,Recurring,true,2026-07-28T08:30:19.000+0000,2026-08-06T01:28:02.000+0000
a04RB00000nD5TtYAK,CN-00000236,株式会社店研創意_2026-08-01,001RB00001VTqxyYAD,Draft,2026-08-01,2026-08-31,270000,3240000,,月,,false,Rendery,Enterprise,7,Salesforce,Recurring,false,2026-07-28T10:58:57.000+0000,2026-07-28T10:58:57.000+0000
a04RB00000nI5BVYA0,CN-00000237,株式会社ライフステージ（アップセル）_2026-08-01,001RB00001VTr0AYAT,Draft,2026-08-01,2026-08-31,75000,900000,,月,,false,Rendery,Enterprise,5,Salesforce,Recurring,false,2026-07-30T04:11:51.000+0000,2026-07-30T04:11:51.000+0000
a04RB00000nIA1VYAW,CN-00000238,清水建設株式会社 九州支店 リニューアル推進部_2026-08-01,001RB00001VTrvxYAD,Draft,2026-08-01,2026-08-31,8000,96000,,月,,false,Rendery,Pro,1,Salesforce,Recurring,false,2026-07-30T04:34:07.000+0000,2026-07-30T04:34:07.000+0000
a04RB00000nQDdJYAW,CN-00000239,森ビル株式会社_2026-08-01,001RB00001VTqWFYA1,Draft,2026-08-01,2026-08-31,96000,1152000,,月,,false,Rendery,Pro,2,Salesforce,Recurring,false,2026-08-03T02:28:15.000+0000,2026-08-03T02:28:15.000+0000
a04RB00000nRI1RYAW,CN-00000240,矢作建設_契約変更,001RB00001VTqlfYAD,Activated,2026-08-01,,,,,年,,false,Rendery,Enterprise,5,Salesforce,Recurring,false,2026-08-03T07:18:01.000+0000,2026-08-03T07:21:07.000+0000
a04RB00000nRlg9YAC,CN-00000241,株式会社フジタ　生産性向上推進部（アップセル）_2026-08-01,001RB00001dxx1tYAA,更新予定,2026-08-01,2027-07-31,240000,2880000,,年,,false,Rendery,Enterprise,2,Salesforce,Recurring,false,2026-08-03T09:12:17.000+0000,2026-08-04T03:03:40.000+0000
a04RB00000nS9IfYAK,CN-00000242,株式会社フォーデック Rendery Proプラン Freee自動請求契約,001RB00001VTrqOYAT,Activated,2026-07-01,,,,Invoice,月,,true,Rendery,Pro,1,Freee,Recurring,true,2026-08-03T13:38:10.000+0000,2026-08-06T01:28:02.000+0000
a04RB00000nS9IgYAK,CN-00000243,清水建設 株式会社 Rendery Proプラン Freee自動請求契約,001RB00001VTrvxYAD,Activated,2026-08-01,,,,Invoice,月,,true,,,,Freee,Recurring,true,2026-08-03T13:38:10.000+0000,2026-08-03T13:38:10.000+0000
a04RB00000nUMA9YAO,CN-00000244,センコー産業株式会社_2026-08-01,001RB00001VTrqmYAD,Draft,2026-08-01,2026-08-31,8000,96000,,月,,false,Rendery,Pro,1,Salesforce,Recurring,false,2026-08-04T04:16:49.000+0000,2026-08-04T04:16:49.000+0000
a04RB00000nYgjlYAC,CN-00000245,株式会社ネオデザイン事務所(大塚商会)_2026-08-01,001RB00001VTqleYAD,Draft,2026-08-01,2027-07-31,76800,921600,,年,,false,Rendery,Pro,1,Salesforce,Recurring,false,2026-08-05T08:36:16.000+0000,2026-08-05T08:36:16.000+0000
